"","V1","V2"
"1",2.22914065782359,0.107797697209574
"2",2.17694655633625,0.0519410466153728
"3",2.20670384927465,0.188565563361553
"4",2.21223297430141,0.173511403790987
"5",2.24200521724922,0.197750076331138
"6",2.20296902115312,0.0322269346409488
"7",2.17473282608967,0.012512822666525
"8",2.22186856224558,0.14759919700167
"9",2.19561763505014,0.114369067867715
"10",2.18763938236924,0.127511809183998
"11",2.17491062992372,0.0120488148601166
"12",2.15403257769689,0.021505069244122
"13",2.24042126430312,0.262458286100043
"14",2.24183322168417,0.196511201094481
"15",2.16577708622176,-0.0121002672516134
"16",2.23281810670662,0.204798873313523
"17",2.19134178697969,0.180082774449128
"18",2.19856300869984,0.134083179842139
"19",2.21830628561886,0.138132206646857
"20",2.31244886248333,0.261063513638929
"21",2.19660374470969,0.163654347803775
"22",2.22667082517749,0.232653739714259
"23",2.21538467238761,0.159829821250986
"24",2.29446669919581,0.261063513638929
"25",2.17790888451483,0.0944759055001255
"26",2.18654398629812,0.143940235829351
"27",2.20595582678301,0.216225313068905
"28",2.20820808177159,0.153797291816563
"29",2.20732434419396,0.221607806833264
"30",2.18216213489859,0.0519410466153728
"31",2.14527418659231,-0.0488294606878987
"32",2.19506414080362,0.022369878653737
"33",2.19409299892121,0.112915528289509
"34",2.17955824346197,-0.000426742184713058
"35",2.16883009946365,-0.0345716425158984
"36",2.21454471754142,0.166940033132845
"37",2.17865122262093,0.002655766679313
"38",2.19898426307009,0.1538926306202
"39",2.18887829205109,0.134630974622926
"40",2.17582044793298,-0.0300746742049892
"41",2.20846348899615,0.108986009263447
"42",2.17342950654737,0.0815122145770086
"43",2.18031277260909,-0.0708725474767675
"44",2.17387013958421,-0.0466295132567467
"45",2.18079817298355,0.0125217008387442
"46",2.20809621245319,0.201173902540227
"47",2.19539944709128,0.229368054385188
"48",2.22509596115578,0.196511201094481
"49",2.23995969399926,0.245796481030541
"50",2.21154939397881,0.130797494513068
"51",2.17221546764528,0.0552267319444434
"52",2.22203586677513,0.13736886517121
"53",2.21124911790489,0.20072546157463
"54",2.16018486421703,-0.000629918649757588
"55",2.18874001151506,-0.0667533050065963
"56",2.20230115967009,0.0486553612863021
"57",2.17798534127917,0.0208865120883387
"58",2.23786167329881,0.189038449340181
"59",2.22216116722506,0.229368054385188
"60",2.19566948234193,-0.0067634188225999
"61",2.26826639400724,0.237053971319919
"62",2.24343912986516,0.185413478566885
"63",2.16432271715374,-0.0631283342333001
"64",2.23402618586366,0.114369067867715
"65",2.20698764164681,0.164514870448862
"66",2.17616071193131,-0.0170583452951109
"67",2.1960298938906,0.163654347803775
"68",2.18149071233519,0.219510998397976
"69",2.23108082731085,0.240463724107945
"70",2.14713071993929,0.155680712684997
"71",2.14549704371588,-0.0499151985858174
"72",2.16299930319092,-0.0897132115554156
"73",2.15902832779957,-0.00720128930789887
"74",2.20249617916631,0.21693432651357
"75",2.23410846834868,0.218390041188412
"76",2.16166600835605,-0.0497744224618376
"77",2.15584827993091,-0.0212792343649965
"78",2.23906351247072,0.211954509898708
"79",2.21696937631612,0.183368459778199
"80",2.19882337564798,0.199796886423552
"81",2.19098807195253,-0.173924188025326
"82",2.25754979196236,0.229542665692244
"83",2.16588903812321,0.0773483545261615
"84",2.24009624457166,0.183368459778199
"85",2.22072142986007,0.189430150384745
"86",2.15745290791509,0.0253241024972976
"87",2.27691227628819,0.237696635057523
"88",2.20002639155173,0.149652448930131
"89",2.21924350060951,0.132192357564627
"90",2.22117938783406,0.218694173006781
"91",2.25696461799066,0.242623890849546
"92",2.20275569931593,0.165101294033495
"93",2.17476939919106,0.0440425487854292
"94",2.17489893403756,0.1125024011387
"95",2.23610108255749,0.235846835281581
"96",2.18505918678437,0.213782241718901
"97",2.20082985670572,0.184623164442273
"98",2.189919054992,-0.0358134447548886
"99",2.21349341418905,0.174497239371331
"100",2.21200253116484,0.234478869412671
"101",2.19545243289289,0.0880835852351499
"102",2.18741521366691,0.0750905107534867
"103",2.1958488806508,0.212939627739835
"104",2.22840039014168,0.173511403790987
"105",2.18490729317905,0.120940438525856
"106",2.24777678643332,0.206368257081693
"107",2.18515885409603,0.126024027343727
"108",2.18784221462671,0.160470259581077
"109",2.20656552500387,0.134083179842139
"110",2.16558866001174,0.0198550493317018
"111",2.21002967356544,0.0993327123288913
"112",2.17185182656604,0.0264763596110463
"113",2.18447959023272,-0.0528466370074975
"114",2.23064400307436,0.222796683727047
"115",2.1452648911386,0.0687863411641497
"116",2.18444716071813,0.254374817558487
"117",2.17285087217552,-0.0528575490623591
"118",2.17721586263096,0.0183529844494535
"119",2.20570556772649,-0.0104869746369696
"120",2.19980552938475,0.064340725134732
"121",2.21272110590904,0.0239980295389992
"122",2.15957030298381,-0.11234321983816
"123",2.22151751105541,0.100780075089463
"124",2.18614854014646,-0.0509928810332537
"125",2.19935377408036,0.209653942410764
"126",2.19646720046499,0.0169005651428245
"127",2.23146471371094,0.186654145107269
"128",2.22851024275885,0.177269868458145
"129",2.21257111654523,0.0059414520083837
"130",2.24245422998271,0.171425024825671
"131",2.16054367029803,0.0876988499321608
"132",2.23353819623553,0.21854898065722
"133",2.22730896465872,0.111083382538644
"134",2.2698277530923,0.199796886423552
"135",2.23413154851046,0.181538999331823
"136",2.26712701679168,0.280448908385568
"137",2.20963366845238,0.198021817745559
"138",2.24909043653513,0.186654145107269
"139",2.16963023447277,-0.00363578830636957
"140",2.19448586314255,0.0331753702709781
"141",2.23982626235646,0.213782241718901
"142",2.15217558165181,-0.00391560397882829
"143",2.21067162206823,0.219939493515507
"144",2.27328421341341,0.267367683228266
"145",2.26488749298984,0.235846835281581
"146",2.15336431747195,-0.0236297159532521
"147",2.1987619849003,0.170225718461916
"148",2.19188886589155,0.157710059635435
"149",2.16711012756275,-0.000418022661517581
"150",2.22436911156094,0.229542665692244
"151",2.18228416172607,-0.0712088668482594
"152",2.17576574808574,0.0178142975426788
"153",2.29350628360954,0.2392251103724
"154",2.17773313712445,-0.0501458692210341
"155",2.2133284168662,0.143940235829351
"156",2.19327646351024,0.21693432651357
"157",2.19399935400737,0.154034728291374
"158",2.1781207923396,-0.0433438279276761
"159",2.16935893017484,-0.0203440306241816
"160",2.19587946333964,0.0190841933246663
"161",2.27703276319358,0.230015551670872
"162",2.2610926610744,0.166940033132845
"163",2.19372627492808,-0.00686369390789454
"164",2.19284458624343,0.10976344349484
"165",2.14898041664686,-0.053200883914888
"166",2.17240166232312,0.0782265292479379
"167",2.18270078421167,-0.0347595710812835
"168",2.24704291266886,0.192647916029596
"169",2.26072080718099,0.214255127697529
"170",2.24425309257595,0.212016540586721
"171",2.2457730086742,0.188565563361553
"172",2.22372497048727,0.0913692705642206
"173",2.16915150138707,0.18993983043634
"174",2.19394010876887,-0.0035109072951629
"175",2.24632881218928,0.184623164442273
"176",2.16245904986757,-0.0519022729791481
"177",2.20616251478002,0.125253849298911
"178",2.17282452325511,0.206368257081693
"179",2.15728462736012,-0.0302010866113934
"180",2.2130568691169,0.127511809183998
"181",2.14818996919903,0.0124530399178899
"182",2.24227862343683,0.233772705050482
"183",2.17124616365329,-0.0194720330865686
"184",2.18465890154881,0.170123556515633
"185",2.1571791058986,-0.0730574745959334
"186",2.15855385569082,-0.0466295132567467
"187",2.26055049520305,0.229368054385188
"188",2.19200877770884,0.13736886517121
"189",2.24105096417197,0.229368054385188
"190",2.1610604577273,0.176797089120057
"191",2.18124653201566,-0.00752155662323195
"192",2.24162710158856,0.103459273905503
"193",2.24355698811563,0.217407212492197
"194",2.2101497702924,0.1990834473193
"195",2.23541391856449,0.212939627739835
"196",2.20501019248703,-0.0104869746369696
"197",2.1690229153951,0.0289412493118782
"198",2.19817801322665,0.0246571540387905
"199",2.1727411806139,-0.0808621637828152
"200",2.22029148436208,0.226082369056117
"201",2.16026649362401,-0.0383845418545797
"202",2.18915144443466,0.0993327123288913
"203",2.16563526993908,0.0750905107534867
"204",2.18514406512685,-0.00920529732393094
"205",2.29245120252892,0.24251079570147
"206",2.12704663382628,-0.00720128930789887
"207",2.22628963810354,0.119692583857474
"208",2.19712436689246,0.212939627739835
"209",2.21517869328109,0.219510998397976
"210",2.24917276884309,0.24251079570147
"211",2.20558209834969,0.122371782673514
"212",2.262955870619,0.216225313068905
"213",2.18331680575664,0.0593300867801442
"214",2.18629593215106,0.0585124172735141
"215",2.20992941318697,0.150511606487492
"216",2.21508790151317,0.0341134084227961
"217",2.16550794056082,-0.0695749825292585
"218",2.18858740812038,0.0420839906281608
"219",2.18018604425552,0.0420839906281608
"220",2.16597069939984,0.124226123854927
"221",2.20081471078232,0.202301212964152
"222",2.15448156545072,-0.0564865692439587
"223",2.20143281267777,0.125074837487707
"224",2.175210718599,-0.0467022079161779
"225",2.21602931162502,0.0446507687088051
"226",2.21097132915539,0.187319901945989
"227",2.14494076969943,-0.0647733355585557
"228",2.17931561150027,0.039090450840331
"229",2.23037642364206,0.216225313068905
"230",2.15922256648436,-0.0236297159532521
"231",2.18424370970644,0.190664099525168
"232",2.20826561720476,0.160368662474704
"233",2.21663428375147,0.190791494663172
"234",2.16621581502574,0.0782265292479379
"235",2.20854981867166,0.223238496102907
"236",2.19225730431936,0.209653942410764
"237",2.18648358123423,-0.00391560397882829
"238",2.21890297792437,0.22784293573305
"239",2.17836870022222,0.130797494513068
"240",2.18442391130433,0.0093696160440756
"241",2.20308249534665,0.138360687785526
"242",2.20836740575236,-0.0132890852409252
"243",2.20249627675762,0.153532839789647
"244",2.21105059937492,0.214279849783542
"245",2.21013353319512,0.154034728291374
"246",2.19966184197509,0.170225718461916
"247",2.21273076728454,0.162075330602207
"248",2.22315187993936,0.063291993201911
"249",2.21687522980175,0.164673923237337
"250",2.17805544046452,0.180082774449128
"251",2.13234117335131,-0.0898675303877563
"252",2.22174259171609,0.18678609755397
"253",2.2024461931964,0.0683694732607261
"254",2.20197147955266,0.18993983043634
"255",2.30715849179578,0.258939222346824
"256",2.16867872046701,0.144436376236194
"257",2.2390776030271,0.191717648156222
"258",2.18688961375205,0.153781513337775
"259",2.20008696328579,-0.0446887114439167
"260",2.1931523379517,0.0471946335800978
"261",2.17344257869739,0.171643745351245
"262",2.19644487926006,0.104512011880503
"263",2.18757241206391,-0.0334867719404641
"264",2.19067856516756,0.22163314576767
"265",2.15679364717585,0.0661071423481089
"266",2.20756351219547,0.0896794153943357
"267",2.21540763515357,0.14759919700167
"268",2.2104223105995,-0.0466295132567467
"269",2.16167271117817,0.154365516598827
"270",2.2463144336352,0.160669686188164
"271",2.18353863924894,0.166500969798874
"272",2.21673521811762,0.246497765739064
"273",2.16266843601109,-0.0478407962385853
"274",2.23503428555733,0.196511201094481
"275",2.21051235665275,0.170225718461916
"276",2.22792011794579,0.114369067867715
"277",2.17156917648149,-0.0813889066295176
"278",2.17035124034309,0.101226326551432
"279",2.20062434311161,0.192190534134849
"280",2.17329916442713,-0.0743521388271163
"281",2.21943724593675,0.193225515765411
"282",2.17298247747437,-0.0067634188225999
"283",2.22120303222417,0.166940033132845
"284",2.23847204629309,0.250567697636931
"285",2.2443617441414,0.186654145107269
"286",2.15506494740641,0.0782425955481553
"287",2.20070054618543,0.157044715414868
"288",2.21219628960235,0.0662425577779587
"289",2.20871090339927,0.138700431429121
"290",2.24108825295089,0.165866789771519
"291",2.17062355560682,0.112203774908299
"292",2.2489019854327,0.199796886423552
"293",2.27819798051807,0.212939627739835
"294",2.16413371404053,0.0322269346409488
"295",2.23737164126455,0.193225515765411
"296",2.17970391110065,0.144436376236194
"297",2.23413829126259,0.13736886517121
"298",2.17172732191496,0.0639372902355204
"299",2.22376342078199,0.232694750486912
"300",2.2245871660507,0.214626771273042
"301",2.1806520365413,0.0355126199700195
"302",2.17709752536097,0.106611358700172
"303",2.2309414424387,0.201173902540227
"304",2.24982949676758,0.224759820466158
"305",2.16772626403765,0.0345862944014238
"306",2.18642490869995,0.111083382538644
"307",2.17627432617444,0.157082977145634
"308",2.19559337679033,0.128675952262851
"309",2.18731920890505,0.0656342563694812
"310",2.19885646829688,0.0478484620112609
"311",2.16396985553514,-0.0546396016478632
"312",2.16810928466348,0.1070842446788
"313",2.25130997887073,0.252080145233551
"314",2.20351260188618,0.179776853450189
"315",2.18817908427951,0.159136166643032
"316",2.169969130949,-0.0519022729791481
"317",2.2659944658219,0.221607806833264
"318",2.18861092235899,0.201173902540227
"319",2.23471551111174,0.125763769426759
"320",2.26041303673811,0.149652448930131
"321",2.1802974090796,-0.0358134447548886
"322",2.20744878797664,0.165280595734351
"323",2.23839999501013,0.165866789771519
"324",2.22136470123855,0.193225515765411
"325",2.2023366663657,-0.0358134447548886
"326",2.2118269567661,0.012512822666525
"327",2.19512710717876,0.147225921158422
"328",2.17948603997221,0.0190841933246663
"329",2.23763933988425,0.199796886423552
"330",2.18152847304353,0.064340725134732
"331",2.30740361901245,0.235939425043329
"332",2.17913895062437,0.104512011880503
"333",2.19666687860664,0.185886364545512
"334",2.21229510216696,0.166905790870781
"335",2.15301425518937,0.00601750862818617
"336",2.25853593809623,0.203082571752623
"337",2.222848985792,0.1967069118459
"338",2.16597594696516,0.134091556911848
"339",2.21618451428382,0.228043338122967
"340",2.19423121898418,-0.0229423821754809
"341",2.20166883737127,0.199796886423552
"342",2.16973507459833,-0.0229423821754809
"343",2.15799715127548,0.0593300867801442
"344",2.30025122123504,0.237696635057523
"345",2.17405102133785,0.147225921158422
"346",2.19322006971642,0.173511403790987
"347",2.19680457664842,0.0818675663214514
"348",2.18224508618369,0.260220994571486
"349",2.16753287466276,-0.0551200386239999
"350",2.17362979428983,0.196511201094481
"351",2.18227207881103,0.208111519562643
"352",2.18706176421312,0.0946549558932912
"353",2.21026875010966,0.157252493936226
"354",2.2840742416055,0.223238496102907
"355",2.17973178426474,-0.0313411351878786
"356",2.23799758158908,0.211144053675514
"357",2.24424558773845,0.223238496102907
"358",2.28118660404245,0.21693432651357
"359",2.19233203573829,0.204325987334896
"360",2.16229686472078,0.012512822666525
"361",2.22569262467868,0.119692583857474
"362",2.23883578332375,0.206368257081693
"363",2.29312956891882,0.206368257081693
"364",2.1545721141456,0.196511201094481
"365",2.20455044433067,0.232869315738868
"366",2.23751371466127,0.199796886423552
"367",2.21528126740238,0.134558450277753
"368",2.18368205128417,-0.0454667416894443
"369",2.17894751850584,0.197721166713189
"370",2.31061229785394,0.252080145233551
"371",2.18682578202899,0.134083179842139
"372",2.17742634177909,0.150511606487492
"373",2.17102153706584,0.0644883117843397
"374",2.15313704978068,-0.0433438279276761
"375",2.16236467773116,0.147225921158422
"376",2.22533307326522,0.166500969798874
"377",2.17131224575218,-0.0597722545730294
"378",2.22161208438882,0.21693432651357
"379",2.19155228278722,0.0387983052990902
"380",2.23783740820752,0.229254959237113
"381",2.22389009587559,0.24203733577759
"382",2.15411533983689,0.117571041607257
"383",2.17958824555902,0.163688025225929
"384",2.18442029070617,0.118670731359599
"385",2.25592099868971,0.182261393772216
"386",2.16680555724432,0.0803743179574489
"387",2.34206935511128,0.260220994571486
"388",2.19243676993548,0.208736744253856
"389",2.16223592909451,0.157044715414868
"390",2.20182703437192,0.00922713733745428
"391",2.26093009834714,0.226082369056117
"392",2.20104133896564,0.116685879132897
"393",2.18077490790451,0.00601750862818617
"394",2.27196175018512,0.222796683727047
"395",2.2054615217643,-0.0134305484124591
"396",2.20264191114639,0.198386891777656
"397",2.21699168555485,0.0435696628068016
"398",2.2506145788409,0.248205665998489
"399",2.18027777144362,-0.0302010866113934
"400",2.21751670979451,0.204325987334896
"401",2.2070415892583,0.201943189341743
"402",2.20751032382814,0.18678609755397
"403",2.22904264916951,0.226724886647548
"404",2.17738356552583,0.0716551585897967
"405",2.25765540233187,0.245796481030541
"406",2.23163117189433,0.211954509898708
"407",2.20951571343354,0.120940438525856
"408",2.22065512803225,0.011909918257086
"409",2.18885328623473,0.219568635796667
"410",2.16030297689985,0.0190841933246663
"411",2.2731266789849,0.234478869412671
"412",2.17455671038805,-0.000418022661517581
"413",2.22004126013973,0.0467217476014702
"414",2.26159140150049,0.265510593004965
"415",2.1990451258942,0.166940033132845
"416",2.26338705655198,0.222796683727047
"417",2.21852873819816,0.0489198995824831
"418",2.16742981377513,0.188708282128865
"419",2.25097795854959,0.207950958108192
"420",2.17511704939657,0.10976344349484
"421",2.18836204600563,0.160368662474704
"422",2.21569513325756,0.219510998397976
"423",2.1615261838371,-0.0421908482956971
"424",2.19571836547054,0.166905790870781
"425",2.18251048676318,0.156865678448225
"426",2.19378364358939,-0.0203440306241816
"427",2.17636852739006,0.223238496102907
"428",2.21436586172401,0.221607806833264
"429",2.21496929215921,0.183368459778199
"430",2.16862062058594,0.18993983043634
"431",2.22841710269952,0.170225718461916
"432",2.22804742287805,0.134558450277753
"433",2.22865880690896,0.206368257081693
"434",2.23926495072626,0.186654145107269
"435",2.2053278739234,0.160196800209537
"436",2.22220277147702,0.199017963700102
"437",2.19105428113984,0.002655766679313
"438",2.19801807063915,0.150612611900911
"439",2.19491982190297,-0.0104869746369696
"440",2.1671790476816,0.18993983043634
"441",2.20281349730109,0.13736886517121
"442",2.1826240258066,0.00471030434939557
"443",2.23681805604313,0.0253241024972976
"444",2.19854463424786,0.0979406412223619
"445",2.18231468719082,0.13151036877741
"446",2.21468935282053,0.205518978609004
"447",2.27781255174978,0.198494703724186
"448",2.20287166427242,-0.0273162028855293
"449",2.15511323293689,0.00574158803618641
"450",2.27488750130206,0.227801475988569
"451",2.18374853668215,0.00859765390569933
"452",2.17273787301061,0.0124530399178899
"453",2.22794007696098,0.173511403790987
"454",2.16831892773821,0.128675952262851
"455",2.14744180082889,0.051608657544937
"456",2.203707971423,-0.0509928810332537
"457",2.20976404156346,0.264215598433597
"458",2.21651066254192,0.1538926306202
"459",2.17845483105643,0.0847978999060793
"460",2.16988651423914,0.107797697209574
"461",2.17959991783205,0.186212384739893
"462",2.23723235152029,0.183368459778199
"463",2.23939392092029,0.173511403790987
"464",2.19588321812018,-0.0564865692439587
"465",2.19040647418206,-0.0269154012823228
"466",2.27857678796333,0.235939425043329
"467",2.24668466818305,0.218390041188412
"468",2.16188989729519,0.0156708055627419
"469",2.1890612573228,0.134728134422262
"470",2.16493016111977,0.0408904639907608
"471",2.16835431953591,-0.00659507240561263
"472",2.23021378422585,0.208291599373589
"473",2.20909929225591,0.18985831209963
"474",2.20558699132298,0.127511809183998
"475",2.17882893460547,0.117654753196786
"476",2.19453038351261,0.162588292570446
"477",2.1796086967291,0.0420839906281608
"478",2.1752919177162,-0.0320803722652426
"479",2.20496285808798,0.132708042680398
"480",2.16602862309776,0.0985794362856326
"481",2.26194598461536,0.232653739714259
"482",2.25721334242762,0.229368054385188
"483",2.15867941648176,0.203082571752623
"484",2.19123377714528,0.157082977145634
"485",2.27160232538241,0.213782241718901
"486",2.18097967335765,-0.0363716556663284
"487",2.16288993975974,0.206368257081693
"488",2.2431361231892,0.150740545825531
"489",2.23814242792216,0.203082571752623
"490",2.16439499791784,-0.0302010866113934
"491",2.24746901168514,0.173511403790987
"492",2.18566785345105,0.097627990294794
"493",2.19951826454361,0.103459273905503
"494",2.19785232297688,0.0787154815267829
"495",2.22516635334669,0.137708011893995
"496",2.16696953305567,-0.053200883914888
"497",2.27284937247207,0.239471806054877
"498",2.21158902425666,0.153792852730453
"499",2.23193322866944,0.209738346158953
"500",2.18763829220984,-0.0100157787025631
"501",2.19266013219853,0.250567697636931
"502",2.2226792731641,0.173511403790987
"503",2.16405375434144,0.0797615506869808
"504",2.13219472514209,-0.0898675303877563
"505",2.23258452675774,0.193225515765411
"506",2.20089135994202,0.181538999331823
"507",2.18143423255247,0.0211624135884353
"508",2.20916557650802,0.107797697209574
"509",2.23532613682158,0.138605092625485
"510",2.21437609243891,0.0467217476014702
"511",2.18159900033666,0.157252493936226
"512",2.16097883797389,0.134083179842139
"513",2.18480897285202,0.0800261184597799
"514",2.21687815065066,0.102550477973743
"515",2.22028376225856,0.012512822666525
"516",2.208506068118,0.146584889356303
"517",2.24373232528343,0.226082369056117
"518",2.21287508296328,0.157252493936226
"519",2.16395806680658,0.0319789429172521
"520",2.17478113778992,-0.0794863665474532
"521",2.17479956701914,0.212939627739835
"522",2.26872589709235,0.216225313068905
"523",2.19784213035616,-0.0100713195960733
"524",2.16637367244869,0.14065455050028
"525",2.15014214629566,0.0355126199700195
"526",2.18170474748095,0.143940235829351
"527",2.19442568921943,0.0656342563694812
"528",2.17068489995432,0.101226326551432
"529",2.17270855955948,0.176559087805337
"530",2.18974969307757,-0.0367724572695348
"531",2.2242665046041,0.157082977145634
"532",2.19049443320614,0.176691102683101
"533",2.2099743680462,0.110236329473468
"534",2.21569926456243,0.127511809183998
"535",2.15209248282066,0.112203774908299
"536",2.24578263300844,0.188565563361553
"537",2.23437606138842,0.206368257081693
"538",2.15903469726662,-0.0667533050065963
"539",2.20320737347743,0.172805139388211
"540",2.23148225413362,0.253402833319244
"541",2.26027041022059,0.250567697636931
"542",2.18969475370563,0.0345862944014238
"543",2.24770538051095,0.227801475988569
"544",2.15718109851333,0.00882575314663614
"545",2.2615823487056,0.237053971319919
"546",2.1970263873788,0.091547446638515
"547",2.18087976915151,0.0498738323961386
"548",2.18799638535919,0.150740545825531
"549",2.22722115614093,0.201646788518855
"550",2.2149865437189,0.150511606487492
"551",2.20467423114748,0.0964416517853922
"552",2.16354993847383,0.0735905871700762
"553",2.1704622133741,0.124226123854927
"554",2.17818780310211,0.134083179842139
"555",2.22756412405857,0.215746935881835
"556",2.14836409905517,-0.000629918649757588
"557",2.27560160176619,0.24154199330881
"558",2.16837401106064,-0.0132890852409252
"559",2.18945559948869,-0.0170583452951109
"560",2.16468111793468,0.0683694732607261
"561",2.15006377595814,-0.00391560397882829
"562",2.2536448574694,0.213516708934092
"563",2.18756257324431,0.0420839906281608
"564",2.2102995519258,0.0683694732607261
"565",2.18783417323672,-0.028184228178761
"566",2.21839908052793,0.166940033132845
"567",2.21474057533376,0.0180782484779854
"568",2.2819779077587,0.235846835281581
"569",2.18006519818399,0.0519410466153728
"570",2.21046473878901,0.0847978999060793
"571",2.2639486853077,0.718115808865863
"572",2.20941575808767,0.111083382538644
"573",2.22785215230445,0.196511201094481
"574",2.19234295711441,0.173341322160485
"575",2.25573440983109,0.23316763646554
"576",2.22551376742951,0.0787154815267829
"577",2.21198496054737,0.215637107499494
"578",2.22264322168525,0.252367851688682
"579",2.27150991484314,0.22471731087812
"580",2.23736911795458,0.196511201094481
"581",2.20739853887834,0.185413478566885
"582",2.21935529591679,0.153797291816563
"583",2.32038679059091,0.265510593004965
"584",2.18066249509813,0.110596615731397
"585",2.21156308242656,0.205849607440971
"586",2.19246121117577,0.218390041188412
"587",2.16232206907337,0.150816962646522
"588",2.20105600897986,0.0656342563694812
"589",2.23533392881077,0.203082571752623
"590",2.19291859888938,-0.0289282874705742
"591",2.20719293743934,0.177940726812584
"592",2.22815499275167,0.174497239371331
"593",2.16831551809327,-0.0131678634972316
"594",2.20184380637121,0.170225718461916
"595",2.23492888808864,0.163821770982833
"596",2.18061415432148,0.159949843558675
"597",2.19472582380516,0.162208381188691
"598",2.26142433285655,0.238998920076249
"599",2.18854911722409,-0.00983563336825966
"600",2.18451447517533,0.156865678448225
"601",2.18622081697421,-0.0636012202119278
"602",2.14458371847964,-0.0860577372055945
"603",2.21119430466936,0.224825572478115
"604",2.17284785180054,-0.0334867719404641
"605",2.14312378145697,0.122371782673514
"606",2.25584118079897,0.226616510225341
"607",2.26139883515286,0.216225313068905
"608",2.2144639601149,-0.0132890852409252
"609",2.2099740208075,0.173511403790987
"610",2.25581725762773,0.1990834473193
"611",2.24863285086483,0.170225718461916
"612",2.17402588444225,0.00922713733745428
"613",2.23207865040724,0.248455174460255
"614",2.16728302079261,-0.0229423821754809
"615",2.24516551888989,0.252080145233551
"616",2.15661735940425,-0.0137726599660403
"617",2.20712151962696,0.186283038052506
"618",2.188664796338,0.0059414520083837
"619",2.19969136825166,0.0792585884558756
"620",2.15228602856072,-0.0383845418545797
"621",2.19132701799975,0.235333077502523
"622",2.36735633599869,0.78478247553253
"623",2.21645424557824,0.186212384739893
"624",2.27714357084386,0.250367844834211
"625",2.24263769575337,0.21517227554356
"626",2.17584873704831,0.18371388300831
"627",2.18231090942162,0.170225718461916
"628",2.25443210298931,0.153797291816563
"629",2.20858803937634,0.0890140460183301
"630",2.17847533802421,0.0593300867801442
"631",2.18984885645764,0.113388414268137
"632",2.17952559714746,0.164216573423849
"633",2.24250595518058,0.199074955736609
"634",2.1833467685004,0.0585124172735141
"635",2.24855248982159,0.191717648156222
"636",2.17039291040965,0.0381951650767052
"637",2.17044392443497,0.157082977145634
"638",2.19115490556627,0.0931631545843196
"639",2.22954163092116,0.21546481554677
"640",2.16697213256657,0.0387983052990902
"641",2.22087399222919,0.232694750486912
"642",2.23431271860592,0.258997427479071
"643",2.26915373065208,0.185413478566885
"644",2.23991260807979,0.196754254148619
"645",2.2099905016647,0.0387983052990902
"646",2.20180111176112,0.166500969798874
"647",2.20236108947268,0.0591925739384375
"648",2.21882035788787,0.235939425043329
"649",2.23300158190782,0.183368459778199
"650",2.19740018486993,0.120589525867523
"651",2.19007604681641,-0.0302010866113934
"652",2.21497771297596,0.147588461030863
"653",2.30795293623839,0.242151004870918
"654",2.16472571799464,-0.0466295132567467
"655",2.18475418317237,0.0156737856334127
"656",2.16519848349804,-0.0334867719404641
"657",2.15147688317106,-0.00369120427694003
"658",2.18357844209479,-0.0037116091132261
"659",2.20894947278342,0.209653942410764
"660",2.15315015842482,-0.0583378042688518
"661",2.21698739048835,0.134980121852189
"662",2.19391644183835,0.115421540553151
"663",2.21913953058218,0.150816962646522
"664",2.1779715820526,0.0486553612863021
"665",2.2258795138829,0.163688025225929
"666",2.12591606320664,-0.0541449658279223
"667",2.25514862502644,0.262224907675894
"668",2.15448968255834,0.0124530399178899
"669",2.1855453547399,0.0719384259588183
"670",2.22728055656238,0.157082977145634
"671",2.19077434531554,0.209653942410764
"672",2.15505873781781,-8.66383399298343e-05
"673",2.17153180691841,0.0913692705642206
"674",2.19931224127471,0.111083382538644
"675",2.18656149242946,0.107797697209574
"676",2.24238750800196,0.166940033132845
"677",2.19439310177265,0.150511606487492
"678",2.16872419765804,-0.0604491354172593
"679",2.1932694590738,0.0823308030015355
"680",2.31395625992291,0.226082369056117
"681",2.15788960079323,-0.0433438279276761
"682",2.21415974939309,0.205027354452193
"683",2.16885063373578,-0.0137726599660403
"684",2.24395361049763,0.0993327123288913
"685",2.23915070984953,0.160368662474704
"686",2.22151604949991,0.234478869412671
"687",2.24575447326154,0.217508243010568
"688",2.20490094413372,0.0944759055001255
"689",2.26581742762051,0.231261103767819
"690",2.23211554682479,0.232653739714259
"691",2.17018231635363,-0.0782195596867495
"692",2.17760638032723,0.134083179842139
"693",2.16984386708393,0.14065455050028
"694",2.27118963681132,0.249082166359612
"695",2.22614418571611,0.219510998397976
"696",2.25055599536141,0.208291599373589
"697",2.13833892170462,0.002655766679313
"698",2.17562916996551,0.0705090553556315
"699",2.19192494647281,0.0190841933246663
"700",2.15065857662253,0.114369067867715
"701",2.17838066890761,0.0221063368524457
"702",2.16146688818237,0.00922713733745428
"703",2.21746926887303,0.200043989994522
"704",2.19512745863135,0.203082571752623
"705",2.21664520286818,0.193225515765411
"706",2.23868606337002,0.169512317939626
"707",2.17277053019115,-0.0383845418545797
"708",2.19861058835956,0.119219697878846
"709",2.17699957361296,-0.0261601478203328
"710",2.22264458980536,0.150511606487492
"711",2.16763083622318,-0.000629918649757588
"712",2.222469914291,0.173511403790987
"713",2.20788126318691,0.00601750862818617
"714",2.20700073958534,0.101226326551432
"715",2.15290062825748,-0.000629918649757588
"716",2.23046375834646,0.185886364545512
"717",2.18396771424951,-0.0621100443937084
"718",2.23459679235569,0.21654267236538
"719",2.20046199820417,0.0813492304840603
"720",2.16567518528486,0.153005249065769
"721",2.18550315532616,0.160368662474704
"722",2.14405766051798,0.196511201094481
"723",2.23126167580249,0.19486973295089
"724",2.17537129747099,0.174185703347695
"725",2.20237603104148,0.205027354452193
"726",2.18127849451185,-0.0992004785218771
"727",2.26136157118598,0.229368054385188
"728",2.1751938240406,0.114369067867715
"729",2.16601947492758,-0.0334867719404641
"730",2.25963318657456,0.250567697636931
"731",2.19306892587418,0.202147170282269
"732",2.21662935911264,0.163034008669124
"733",2.14012477548076,0.0716551585897967
"734",2.16856944469666,0.022369878653737
"735",2.22928780907021,0.221607806833264
"736",2.17490653237884,-0.0269154012823228
"737",2.1894792119497,0.131486235732093
"738",2.20208485570213,0.002655766679313
"739",2.17715817536991,0.164673923237337
"740",2.19671419091925,0.102550477973743
"741",2.19444795377822,0.144436376236194
"742",2.19459456416547,0.120940438525856
"743",2.22715601118435,0.150511606487492
"744",2.19343885929146,0.0180782484779854
"745",2.21082199634578,0.127511809183998
"746",2.23861208676127,0.209653942410764
"747",2.2054966721852,0.14806134700949
"748",2.20948409949155,0.245796481030541
"749",2.18603335962106,0.00882575314663614
"750",2.18138702347235,0.129644978648322
"751",2.18928175868619,-0.0037116091132261
"752",2.13971158522936,0.0735905871700762
"753",2.15609177946829,-0.0355375241628888
"754",2.18303117746988,0.117011327619778
"755",2.24394674253964,0.224825572478115
"756",2.19184158521935,-0.0358134447548886
"757",2.28516037082269,0.176559087805337
"758",2.25684214538403,0.252367851688682
"759",2.24115949298273,0.220559297286866
"760",2.22787512094235,0.212939627739835
"761",2.22781307527238,0.198494703724186
"762",2.18421982653856,-0.0422489760445923
"763",2.21069545396678,0.103459273905503
"764",2.19465531361504,0.138132206646857
"765",2.15019985396581,-0.0170583452951109
"766",2.24440619639207,0.245303089665586
"767",2.12557904940082,-0.0822573397802662
"768",2.15324667770987,0.0027997429833343
"769",2.23982147516916,0.228043338122967
"770",2.1624270279772,0.022369878653737
"771",2.20800015253895,0.143940235829351
"772",2.21147944916883,0.205518978609004
"773",2.19824050125762,0.157044715414868
"774",2.19951670790119,0.08501965111612
"775",2.18051217691201,0.0486553612863021
"776",2.1563834273783,-0.0572970506225908
"777",2.22776803456588,0.125074837487707
"778",2.41737540294113,0.252367851688682
"779",2.20068064931865,0.165280595734351
"780",2.21131662955339,0.176559087805337
"781",2.23716105405674,0.193225515765411
"782",2.21576603179248,0.0510662276561128
"783",2.17863425035114,0.0372654932174646
"784",2.25508777104006,0.24251079570147
"785",2.2172952344886,0.170225718461916
"786",2.22412412926861,0.237053971319919
"787",2.17372455231772,-0.0820408430013112
"788",2.24780553612346,0.228043338122967
"789",2.2012086211569,0.143940235829351
"790",2.13969254567895,0.00574464527077945
"791",2.31996737708287,0.24251079570147
"792",2.18129875694245,0.0157985079955957
"793",2.27475622792444,0.243222301540818
"794",2.18364221460493,0.130797494513068
"795",2.24426163419608,0.0749408439188674
"796",2.15373885942289,-0.0126949775186039
"797",2.24721022155906,0.153797291816563
"798",2.1759732818886,0.0687863411641497
"799",2.19230226051728,0.214436028464909
"800",2.16522505066129,-0.00686369390789454
"801",2.24039945703342,0.210820222004292
"802",2.1819601866625,0.202301212964152
"803",2.21801608421073,0.13736886517121
"804",2.1981986636677,0.0190841933246663
"805",2.25992613134784,0.206368257081693
"806",2.23530007602219,0.21110304290286
"807",2.18574497172198,0.012512822666525
"808",2.17863002109536,0.153797291816563
"809",2.19607870462901,0.226390580897575
"810",2.18785138369301,0.185413478566885
"811",2.20691496847218,0.113388414268137
"812",2.24313204220006,0.199796886423552
"813",2.21046282220962,0.110603201791478
"814",2.16452475993154,0.0396674042511338
"815",2.2574896357888,0.220559297286866
"816",2.14954309085311,-0.0866409970097557
"817",2.24761524635091,0.18993983043634
"818",2.20136542731194,0.0453696759572315
"819",2.24169315748417,0.195865681674448
"820",2.21592987183246,0.177940726812584
"821",2.17720177089374,0.0552267319444434
"822",2.16156938167196,0.157082977145634
"823",2.24523786199,0.24251079570147
"824",2.21204208256473,0.223238496102907
"825",2.22570955212852,0.166905790870781
"826",2.18492607301499,0.08501965111612
"827",2.20900403874357,0.153781513337775
"828",2.28095991636307,0.19600274119095
"829",2.18521756803399,0.147225921158422
"830",2.16787474388232,0.141284291441526
"831",2.17743061567548,-0.0653365295617558
"832",2.20176603388985,0.157517601393496
"833",2.25848735035589,0.209653942410764
"834",2.19083385311138,-0.0226241178812372
"835",2.18802637660871,0.109980733912474
"836",2.21055363719868,0.172286504000474
"837",2.18025917354583,0.21377078658034
"838",2.20291379348381,0.21517227554356
"839",2.14063330194478,-0.0636012202119278
"840",2.19293521560497,-0.0126949775186039
"841",2.24275000454768,0.108986009263447
"842",2.168801555205,-0.0410637406706206
"843",2.13793448775808,0.199074955736609
"844",2.18547225548282,0.195342618929518
"845",2.2285691781504,0.229797101193208
"846",2.17734218798992,0.150511606487492
"847",2.17258715448396,0.0635973425684713
"848",2.17888407063988,-0.00737862154988433
"849",2.17486691435513,0.0585124172735141
"850",2.18224786064123,0.0519410466153728
"851",2.18095187571894,0.173511403790987
"852",2.19988029636875,0.0362475848166379
"853",2.1466437669948,-0.111218713375034
"854",2.25255638660929,0.203082571752623
"855",2.174371609869,-0.0665328481441846
"856",2.16685977360204,-0.00720128930789887
"857",2.18855462951538,0.127511809183998
"858",2.15956064604921,0.0593300867801442
"859",2.1750969307992,0.00552543936003946
"860",2.29849195708913,0.214255127697529
"861",2.18337301452266,0.19167865383118
"862",2.1606129112973,-0.0827720518765239
"863",2.19464190583677,0.0928971810391875
"864",2.23112818023189,0.226082369056117
"865",2.18887882766291,0.189038449340181
"866",2.16552110677878,0.166500969798874
"867",2.18909469249657,0.122371782673514
"868",2.16753990390725,0.012512822666525
"869",2.23691336164356,0.0481459036211301
"870",2.24320237095009,0.183368459778199
"871",2.21909171243035,0.0913692705642206
"872",2.17194591299829,0.0174634750267231
"873",2.20158815360923,-0.0497744224618376
"874",2.21873412477258,0.207478072129564
"875",2.23151139574024,0.0440425487854292
"876",2.19865401026379,0.171425024825671
"877",2.21436261021772,0.235939425043329
"878",2.1952656852418,0.222796683727047
"879",2.20401661911913,0.170123556515633
"880",2.18675043401595,0.114369067867715
"881",2.18808097794176,0.0478484620112609
"882",2.16892635873224,0.173511403790987
"883",2.20099756261138,0.166905790870781
"884",2.19347991791062,0.0880835852351499
"885",2.22533067425977,0.189038449340181
"886",2.19715795237913,0.196511201094481
"887",2.17407714881058,0.0782265292479379
"888",2.1895439381826,-0.00685355395122145
"889",2.20455160863858,0.0387983052990902
"890",2.14960829954842,-0.0170583452951109
"891",2.15466022318546,-0.04052088862056
"892",2.16648450373041,-0.0937332263622228
"893",2.23347858505227,0.202301212964152
"894",2.16453968239125,0.0027997429833343
"895",2.16877370028535,0.101226326551432
"896",2.16307091055565,-0.0497744224618376
"897",2.23138269154146,0.239471806054877
"898",2.21487091451545,0.0156708055627419
"899",2.24521886737775,0.219510998397976
"900",2.24925513476101,0.240914400702375
"901",2.17134918725746,-0.0203440306241816
"902",2.20900898614664,0.176559087805337
"903",2.15084610913427,0.10976344349484
"904",2.18586233900951,0.0750516679909493
"905",2.16028633941991,-0.0203440306241816
"906",2.20965813744011,0.0552267319444434
"907",2.21218458893925,0.170225718461916
"908",2.21972052068164,0.199796886423552
"909",2.22676105999064,0.186654145107269
"910",2.13961665210664,-0.0712088668482594
"911",2.14748708644046,-0.00686369390789454
"912",2.16212974367146,-0.044215825465289
"913",2.17785716398926,-0.0367724572695348
"914",2.24204385495755,0.174497239371331
"915",2.16934711214047,-0.0564865692439587
"916",2.18380886585267,-0.0170583452951109
"917",2.2529525666244,0.235939425043329
"918",2.18402442229777,0.0542839933009647
"919",2.20801662399918,0.0961149466840394
"920",2.1703927198446,0.119855697122828
"921",2.2015391593719,0.0420839906281608
"922",2.24681402210032,0.18993983043634
"923",2.18835234991495,0.117654753196786
"924",2.18895456270618,0.125763769426759
"925",2.2046576352092,0.134091556911848
"926",2.21326235497661,0.0971551043161664
"927",2.23710831736551,0.231261103767819
"928",2.17373518322744,0.0617981026025848
"929",2.17325853984881,-0.0194720330865686
"930",2.2182287551898,0.0750905107534867
"931",2.16498756308918,-0.0713625397250577
"932",2.18262086284985,-0.0334867719404641
"933",2.26980799432121,0.232784840446241
"934",2.18382558054951,-0.0422489760445923
"935",2.15427370099148,-0.0229423821754809
"936",2.21371151688789,0.199796886423552
"937",2.38588275107387,0.295217721578851
"938",2.19923072639108,0.0156708055627419
"939",2.19457699931806,0.0349773994318533
"940",2.14002752435847,0.0119240924979337
"941",2.20110012528755,0.0716551585897967
"942",2.26919777953034,0.245158173921507
"943",2.21443005869085,0.134980121852189
"944",2.19239956193532,0.243276432340816
"945",2.1810095805771,0.211954509898708
"946",2.17050836726444,0.206368257081693
"947",2.18516456485269,-0.0203440306241816
"948",2.17997386980594,0.016082959985149
"949",2.21008046979102,0.189309001483794
"950",2.25016277309361,0.239013744830187
"951",2.17559366561054,0.120940438525856
"952",2.18754305245817,0.0585124172735141
"953",2.24653452508948,0.216360158424894
"954",2.14346002409621,0.0534713475231109
"955",2.17911505888773,0.160669686188164
"956",2.2016330794091,0.147588461030863
"957",2.20223588480908,0.135276522675077
"958",2.23278548308591,0.14759919700167
"959",2.22147886026939,0.186736166652577
"960",2.17529284893753,-0.0888178985692759
"961",2.37937960049478,0.258939222346824
"962",2.22946043881951,0.126626494388056
"963",2.18662337624074,0.0453696759572315
"964",2.20065829425891,0.239325713041205
"965",2.18542602398368,-0.0100157787025631
"966",2.21213623611143,0.153781513337775
"967",2.24563063874978,0.183368459778199
"968",2.289413571679,0.22471731087812
"969",2.23265083510086,0.257003228926635
"970",2.24840459503211,0.195865681674448
"971",2.20280941454366,0.163654347803775
"972",2.24970668276216,0.244132166347227
"973",2.15563210560437,0.13736886517121
"974",2.17768896486544,-0.0893434225346652
"975",2.2201274424747,0.239471806054877
"976",2.23331927936051,0.0435696628068016
"977",2.22293044089985,0.180082774449128
"978",2.20712884170458,0.175957224182879
"979",2.18452274645068,0.022369878653737
"980",2.22987480574698,0.186212384739893
"981",2.26825549317574,0.265510593004965
"982",2.16936266057749,0.0116698684513592
"983",2.20950161634143,0.114369067867715
"984",2.23601545182476,0.200043989994522
"985",2.22994021696543,0.206368257081693
"986",2.17753277608851,0.144909262214822
"987",2.21421404348234,0.189430150384745
"988",2.23248505622142,0.231261103767819
"989",2.24814507520997,0.235939425043329
"990",2.2338187447417,0.10976344349484
"991",2.1686784774004,-0.0165068508857772
"992",2.19081604583637,0.21654267236538
"993",2.18564007310004,0.117654753196786
"994",2.21175326029458,0.138132206646857
"995",2.20413177552672,0.182994619095041
"996",2.16188612783675,0.0289412493118782
"997",2.21862170884857,0.0847978999060793
"998",2.18675179347737,0.209653942410764
"999",2.23213713893927,0.166940033132845
