"","b","a","r_squared","mean.25y","a.low.95CI","a.upp.95CI","b.low.95CI","b.upp.95CI","ageclass","std_L","sp_ID","quarter","spwn","temp","std_T","dum"
"1",2.09571809499155,1.63368964986791,0.990898072566636,18.2439057446809,1.55165222685514,1.78251998939308,1.93930337348034,2.2237877952488,1,-0.675968992248062,"1","Q1","Y",5.6771434015614,-0.124441166576381,1
"2",2.18408119666657,1.25312578046665,0.968947827870178,118.358713829787,0.888504946923211,1.76580550860857,1.92988357475121,2.40746938683978,2,-0.609302325581395,"1","Q1","Y",5.58333218155001,-0.185314196762349,1
"3",2.27590221586506,0.655032682466291,0.959148154314495,435.419471489362,-0.312456854147092,1.26684554859817,2.01711103646051,2.6951362926352,3,-0.542635658914729,"1","Q1","Y",5.66359709663129,-0.133231209268703,1
"4",2.32533940314981,0.332803252021473,0.965028612974631,530.183537446808,-0.301133835276995,0.774277922645781,2.15831762238872,2.61507847777031,4,-0.475968992248062,"1","Q1","Y",5.69981261596558,-0.109731372027815,1
"5",2.45646942890653,-0.0298794594921761,0.934393322012941,730.062274468085,-1.58800194272915,0.579259387758761,2.19630696169078,2.93006062656058,5,-0.409302325581395,"1","Q1","Y",5.81999439960694,-0.0317467840167459,1
"6",2.65543405370508,-0.33869238297148,0.920811187074793,344.527889361702,-1.48137942303965,0.497404043617724,2.33876719786355,3.14336041266624,6,-0.342635658914729,"1","Q1","Y",5.81860494546896,-0.0326483849518262,1
"7",2.27230340834176,0.741687758463071,0.892555227408389,231.67047212766,-0.609797395176642,1.7360517567022,1.90481631897631,2.86936538947061,7,-0.275968992248062,"1","Q1","Y",5.79595290621229,-0.047347034743158,1
"8",2.09671523734318,1.24691542800325,0.919487713645448,152.224850425532,0.313944953795975,2.04979795622283,1.70584654181193,2.56677790143154,8,-0.209302325581395,"1","Q1","Y",5.84313168511441,-0.0167332634704125,1
"9",2.2114098461361,1.09300999860242,0.926588995904974,184.021571702128,0.166864566906812,1.81067850020341,1.85411007805461,2.68406261384325,9,-0.142635658914729,"1","Q1","Y",5.89470683608474,0.0167332634704119,1
"10",2.24796012788243,1.07516411406024,0.95434154160914,230.365790638298,0.220917297659143,1.60452536191889,2.00880434844111,2.63966861511659,10,-0.075968992248062,"1","Q1","Y",6.02377694002586,0.100485381099411,1
"11",2.24840503020149,1.15381519847023,0.97388018470073,137.064236382979,0.744812725682486,1.50957045157442,2.05648312207967,2.45518474159497,11,-0.00930232558139537,"1","Q1","Y",6.03506472439423,0.107809895571188,1
"12",2.33747343124497,0.954060116650001,0.981332707278565,133.909668297872,0.580109256849675,1.30216918982807,2.11961887208876,2.5257766800718,12,0.0573643410852714,"1","Q1","Y",6.03506472439423,0.107809895571188,1
"13",2.32396984924385,1.14312436459032,0.972630774184099,57.1373519148936,0.821797265840746,1.54499919438791,2.01066182445304,2.52496565386798,13,0.124031007751938,"1","Q1","Y",6.04203243749012,0.112331165090568,1
"14",2.3387136702509,1.27475496650606,0.986266947875734,19.4396591489362,1.07941902268879,1.4223632229343,2.19254229162617,2.48789176512515,14,0.190697674418605,"1","Q1","Y",6.05621410030357,0.121533484263322,1
"15",2.10847390970778,1.67386433130821,0.987107656631216,2.7919685106383,1.59816353645288,1.77489237101455,1.9525643799048,2.28236348086113,15,0.257364341085271,"1","Q1","Y",6.19268021055847,0.210084785993538,1
"16",1.81592822425031,1.59666367085658,0.995127568943165,0.732926196808511,1.517406748106,1.67602600022006,1.75841489781891,1.88565484359521,16,0.324031007751938,"1","Q1","Y",7.12442878418002,0.814685803237651,1
"17",1.94220373851238,2.00979210487133,0.991895881356245,36.8774506382979,1.85638914419323,2.10301255511756,1.83635151920212,2.06888946419757,1,-0.655311355311355,"1","Q3","Y",16.4382405962039,-0.594513179017416,1
"18",1.95751616684643,1.76562971996323,0.96886325625275,423.156863191489,1.21565086748287,2.16203179480634,1.80195983617925,2.20863984583403,2,-0.588644688644689,"1","Q3","Y",16.269301764854,-0.159643038242204,1
"19",2.02771336098158,1.51908572952901,0.952736434231029,729.033029574468,0.795870231510368,2.05532167213391,1.78516876015246,2.25182454794914,3,-0.521978021978022,"1","Q3","Y",16.374161059778,-0.137765813568397,1
"20",1.98790088837174,1.48312373583931,0.983862197040369,627.04102212766,1.1397811529703,1.79649766971864,1.87907675035809,2.11735270024898,4,-0.455311355311355,"1","Q3","Y",16.396350951967,0.00677815754145651,1
"21",2.03175825062831,1.37284741019575,0.979142802385746,280.751883829787,0.920015959622274,1.80695849774716,1.82414245913615,2.23823971200192,5,-0.388644688644689,"1","Q3","Y",16.3016458732169,0.0117558196882008,1
"22",2.07134129363798,1.36598844166112,0.950007616023604,271.086094468085,0.700253157670546,2.05371950890599,1.76686905027545,2.37349384377541,6,-0.321978021978022,"1","Q3","Y",16.1990887168766,0.00971142904077296,1
"23",2.23777787835736,0.842478125745925,0.882002117245886,366.166282978723,-0.62127181258307,2.35191197894374,1.64516718843843,2.82042171340687,7,-0.255311355311355,"1","Q3","Y",15.99646574806,0.00971142904077296,1
"24",2.24231612488432,0.864651595405525,0.871344634693294,251.492557234043,-0.0917725214598823,1.84089334380667,1.78151347992533,2.64784170621986,8,-0.188644688644689,"1","Q3","Y",15.9774141254311,0.00971142904077296,1
"25",2.0742310594536,1.22728233712115,0.935705800683874,145.516430425532,0.657924495848175,1.86297555610944,1.74297288471148,2.37500877456122,9,-0.121978021978022,"1","Q3","Y",15.9217640471059,0.00325035911194622,1
"26",1.95141207035527,1.37913595552321,0.980954937804616,182.944997021277,0.88519265960362,1.71403227569747,1.79408477849162,2.16933032122884,10,-0.0553113553113553,"1","Q3","Y",15.7256936157402,-0.00325035911194622,1
"27",2.25649288905266,0.656751432880548,0.980948017750553,221.472889574468,-0.0283895926653939,0.971762411367979,2.10714484292328,2.53523028262175,11,0.0113553113553114,"1","Q3","Y",15.6529839216028,0.0576817888168442,1
"28",2.37102551227935,0.453660422069243,0.981287020102879,120.895861489362,-0.256397146047942,0.783110040202093,2.21167480119481,2.68199905545384,12,0.0780219780219781,"1","Q3","Y",15.6066209350482,0.0578520155563836,1
"29",2.29912332652998,0.628023276882453,0.988646699067769,88.5564465957447,0.379053975215241,0.933304527674183,2.15760200510954,2.44241727297367,13,0.144688644688645,"1","Q3","Y",15.5915214863465,-0.012132621492429,1
"30",2.21484076183543,0.98562816843573,0.977754699750628,20.9764842553191,0.757851185400736,1.22140609948671,2.02131168507855,2.44832145474256,14,0.211355311355311,"1","Q3","Y",15.328627130353,-0.19667161898891,1
"31",2.09115711897331,1.25052864361439,0.963167491038129,5.40180404255319,1.07394494330096,1.359652931154,1.91248727441219,2.44755486745611,15,0.278021978021978,"1","Q3","Y",15.0449234971357,-0.437370526983811,1
"32",2.12826174266552,1.69925926362296,0.953991897977828,0.441371489361702,1.49777608740502,1.90072294551387,1.89716219953115,2.43645760101313,16,0.344688644688645,"1","Q3","Y",13.9032542865376,-0.942147984443616,1
"33",2.13025813203471,1.23535212802816,0.982032313592791,3.33821340425532,1.15957191414455,1.31968769213983,1.95519664771064,2.30651221311378,1,-0.654875283446712,"2","Q1","Y",6.10821187180497,0.00631804158861653,1
"34",2.23195378656947,1.02008271365369,0.960534626502115,5.42798723404255,0.871744630264944,1.21086854942967,1.9829445150468,2.46837815911262,2,-0.588208616780045,"2","Q1","Y",6.26344406054702,0.00737585759328101,1
"35",2.34103774164633,0.947597068790907,0.958244928317101,3.61025234042553,0.837493959184496,1.07983483117522,2.10463042555255,2.60821929319268,3,-0.521541950113379,"2","Q1","Y",6.27125340212118,-0.0789923442032964,1
"36",2.24743446839059,0.961802052419438,0.948229273285976,3.83096638297872,0.822015763828879,1.07490941535535,1.93456296402047,2.52910920859373,4,-0.454875283446712,"2","Q1","Y",6.32285013158357,-0.0906100552522824,1
"37",2.27252903542764,0.883126438977687,0.93680327453872,3.15251744680851,0.740617862777061,1.00462620617898,1.9497263320432,2.72097925495613,5,-0.388208616780045,"2","Q1","Y",6.32462696866068,-0.141877692246263,1
"38",2.35408491460509,0.900675939724049,0.882776293509807,1.74482255319149,0.767398335541687,0.98625954657747,1.84334713150754,2.9297505505811,6,-0.321541950113379,"2","Q1","Y",6.32389719854062,-0.207171767432534,1
"39",2.29419339272934,0.96459407434755,0.898661654946594,1.03690957446809,0.893529540375133,1.06933940953775,1.81630488872844,2.80459767946363,7,-0.254875283446712,"2","Q1","Y",6.32389719854062,-0.00631804158861653,1
"40",2.20203358377311,1.01252985433511,0.896915362815814,0.808164468085106,0.928582370545734,1.12376957133114,1.9070414645135,2.57854774013251,8,-0.188208616780045,"2","Q1","Y",6.32389719854062,-0.0603467755744703,1
"41",2.07670119398921,0.996817237386622,0.780480081621235,0.538676808510638,0.867317631228883,1.27373882867175,1.76957735847199,2.90685418791387,9,-0.121541950113379,"2","Q1","Y",6.32159084100391,-0.0574073059074355,1
"42",2.01198756815416,0.953076130481264,0.810306675152051,0.483509361702128,0.798348594879098,1.31877985791062,1.63068801916673,2.94242629533629,10,-0.054875283446712,"2","Q1","Y",6.31927033052579,0.0119162900851762,1
"43",2.02987710625946,0.985244964980085,0.808100464005546,0.372539574468085,0.793434331748846,1.19150744995206,1.45876888060227,2.41947171118157,11,0.0117913832199546,"2","Q1","Y",6.34102080222035,-0.0499216898170125,1
"44",1.87149206102565,0.927330297124942,0.869161377293977,0.313575531914894,0.588769513666543,1.19047628521762,1.34699761283194,2.35698893540419,12,0.0784580498866214,"2","Q1","Y",6.34108156672654,0.034468460162934,1
"45",2.07363493870936,1.01438601689695,0.791608800700331,0.251897234042553,0.596048407373385,1.71101679547343,1.4525972949597,3.36289735402386,13,0.145124716553288,"2","Q1","Y",6.31609969887965,0.15125178031246,1
"46",1.62213402905897,0.757686773546116,0.914329644358362,0.152835744680851,0.553754736480779,1.03828242946664,1.41416562685452,1.89590262534519,14,0.211791383219955,"2","Q1","Y",6.25022625804378,0.253649326749997,1
"47",1.57988532917283,0.76304285295911,0.857973270946833,0.108324468085106,0.453778849163312,1.13640856564954,1.23385749621813,1.88872017657101,15,0.278458049886621,"2","Q1","Y",6.16430585373811,0.528046512707269,1
"48",1.35320546486405,0.548091217137704,0.925555494334076,0.0699478723404255,0.229388577354472,1.01725081403729,1.08400398389559,1.65825010947916,16,0.345124716553288,"2","Q1","Y",5.9841193975941,0.792828232567466,1
"49",1.89382902726725,1.63069367540684,0.987485611278065,13.281775106383,1.49144889722215,1.7677331871561,1.72602371962158,2.03194507385508,1,-0.732800473653049,"2","Q3","N",11.0724220500474,-0.279577179539128,1
"50",2.03837153741449,1.61918450702886,0.987149479315943,8.38017276595745,1.51389565763961,1.69053227393861,1.93068470146054,2.26752064019923,2,-0.666133806986382,"2","Q3","N",11.6789862531483,-0.1278917365428,1
"51",2.03101943974983,1.31502634081825,0.960691500880185,2.69206574468085,1.20506191859399,1.44922804408372,1.84408192032059,2.31888595757156,3,-0.599467140319716,"2","Q3","N",11.5122740042375,-0.0506590256835082,1
"52",2.15691782129522,0.956502274408378,0.959774659620392,6.74128042553192,0.767190993886038,1.11659982792064,1.89805941237335,2.5630145037925,4,-0.532800473653049,"2","Q3","N",11.4844433468696,-0.0294646453393916,1
"53",2.35383394226388,0.884050378291367,0.898843013635503,4.92238234042553,0.629842207731331,1.14221542014168,1.96047189444349,2.92864672823887,5,-0.466133806986382,"2","Q3","N",11.5354936137999,-0.00276869156048681,1
"54",2.08415226807916,0.94084230728789,0.895799252055275,1.92812404255319,0.86754545135127,1.02886700909312,1.83378389813793,2.5818927679848,6,-0.399467140319716,"2","Q3","N",11.508040795549,-0.00276869156048681,1
"55",2.0278940408608,0.909177823591,0.940387404518354,1.61870680851064,0.863990363209062,0.975572385510255,1.77652475265626,2.28641461261229,7,-0.332800473653049,"2","Q3","N",11.5151205821554,-0.00276869156048681,1
"56",2.14997792719931,0.947662747332863,0.923869586287267,1.14495808510638,0.877425742934985,1.02968687322413,1.78827761975142,2.49327304573843,8,-0.266133806986382,"2","Q3","N",11.2601380305007,0.00222761446430917,1
"57",2.51672487870272,1.18372295317449,0.905421445751225,0.677865531914894,1.07676550580159,1.27612740427144,2.13148135645473,2.87649471509545,9,-0.199467140319716,"2","Q3","N",11.3126243263743,0.00222761446430917,1
"58",2.34356404775777,1.20744313555566,0.870798105893055,0.615779361702128,1.05966290820886,1.32852189295235,1.7796308982178,2.84764577264868,10,-0.132800473653049,"2","Q3","N",11.2763885738277,0.00175856982433725,1
"59",2.20451319364939,1.29109737080754,0.939641122458525,0.427762127659574,1.07811431265417,1.4711576789433,1.87497513875886,2.59727846581588,11,-0.0661338069863825,"2","Q3","N",11.2612493047588,0.000573373390364598,1
"60",2.26614668828967,1.2960751712349,0.94248280599571,0.375481276595745,1.01520364042086,1.55900114260791,1.82062967184696,2.74705046309317,12,0.000532859680284246,"2","Q3","N",11.2569017060068,-0.000573373390365203,1
"61",2.26111925518685,1.43280422503458,0.931946718984173,0.270531489361702,1.05314351338463,1.78295248863652,1.76605964592487,2.7012347569482,13,0.0671995263469509,"2","Q3","N",10.8575032738749,0.109310567690234,1
"62",2.10838642123417,1.46468350689417,0.928886713677855,0.166917659574468,0.880054947250881,1.91187203872893,1.58958268874021,2.58933062617349,14,0.133866193013617,"2","Q3","N",10.495541023769,0.0933911001989762,1
"63",2.16206654934946,1.60537774696389,0.932489475906853,0.166614042553191,1.06013766373622,1.93877081549969,1.67172465601349,2.5104129699134,15,0.200532859680284,"2","Q3","N",8.80738454220815,0.42756774030935,1
"64",2.16172989863682,1.6642837814308,0.939896629844668,0.0924989361702128,0.95321904953946,2.23281433040212,1.59737445438163,2.63958560761593,16,0.267199526346951,"2","Q3","N",8.66277344140837,0.720422820460872,1
"65",1.82596413022057,1.47437398189817,0.996529639264261,29.2211214973262,1.39928174569513,1.54629876073996,1.7742487581818,1.89692026512787,1,-0.478683385579937,"3","Q1","Y",6.6920300323658,-0.316000111894457,1
"66",1.81218898462569,1.3005283761676,0.994497476369211,112.953714652406,1.20619682953637,1.42510988974173,1.74506728890573,1.89621178164196,2,-0.412016718913271,"3","Q1","Y",6.69320625532989,-0.288154789326174,1
"67",1.87705387081557,1.1683873124666,0.991391464844339,144.662045347594,0.97405179382486,1.35704666287444,1.78590428590599,1.97154945091036,3,-0.345350052246604,"3","Q1","Y",6.59717040233435,-0.12392858521992,1
"68",1.85172561725063,1.15318801149792,0.987241372682494,70.1542823529412,0.982827036460535,1.38992168564709,1.74215932189721,1.96992251020145,4,-0.278683385579937,"3","Q1","Y",6.58425225923033,-0.0139802036104118,1
"69",1.91348159218139,1.15040195630347,0.977696193156267,81.8380605347594,0.864974561514396,1.38741284635832,1.78050291381816,2.13469752380914,5,-0.212016718913271,"3","Q1","Y",6.52724596354087,-0.0139802036104118,1
"70",1.9288373969106,1.11663260591082,0.974382392356618,127.462390802139,0.81416838587361,1.50982938121429,1.76626002013713,2.11876553403925,6,-0.145350052246604,"3","Q1","Y",6.45464317599138,-0.0139802036104118,1
"71",2.0897101999005,0.810870502840492,0.946818946321039,68.2913244919786,0.395281123516484,1.23283725555528,1.87211375828577,2.35242773268724,7,-0.0786833855799372,"3","Q1","Y",6.67797952533653,-0.0139802036104118,1
"72",2.37914871023735,0.418023106908123,0.939957282541625,42.524425026738,-0.101566535583326,0.89396366740048,2.09860893312716,2.7707514380669,8,-0.0120167189132706,"3","Q1","Y",6.61790306841525,0.0821252262108148,1
"73",2.58088242463008,0.275365346566181,0.964773771751368,21.304007486631,-0.189509835352239,0.608784319711861,2.29828053073213,2.9432839461705,9,0.054649947753396,"3","Q1","Y",6.62117156852242,0.0803743972915669,1
"74",2.49568643753708,0.5746113948662,0.955413166653522,7.99094695187166,0.185554291042673,0.904757420359093,2.05127050871794,2.89503403315624,10,0.121316614420063,"3","Q1","Y",6.69825492252751,0.0139802036104103,1
"75",2.42127855045952,0.838587637696103,0.912529537905858,3.24781582887701,0.639222765480092,1.0713304717235,1.73687617737081,2.85063633959699,11,0.187983281086729,"3","Q1","Y",6.62949508934938,0.0214407294038899,1
"76",2.19336820394983,1.19781109447226,0.869040197738688,0.760460534759358,1.03139812128122,1.48190701698185,1.55616731950322,3.31763901558765,12,0.254649947753396,"3","Q1","Y",6.72333147669057,-0.016433597694756,1
"77",1.87092791582218,1.20674503517813,0.895202267995908,0.334560213903743,1.05088565209606,1.48890278449759,1.61325501748706,2.25764094131225,13,0.321316614420063,"3","Q1","Y",6.85318697365491,0.192337089379076,1
"78",1.9387959217152,1.38689454926704,0.885057808540845,0.150250481283422,1.09840775847693,2.0942189405498,1.60478200678373,2.47594236444036,14,0.387983281086729,"3","Q1","Y",6.96704642090774,0.227611454993069,1
"79",1.67239830749172,1.19105868449071,0.886574835590692,0.095516577540107,0.908908691809134,1.62258282197929,1.4551405051612,1.99076460424147,15,0.454649947753396,"3","Q1","Y",7.27215834016535,0.683999888105543,1
"80",2.05763158097009,1.73422444443479,0.957318636229124,0.0929212834224599,1.25900780800595,2.19719297187623,1.69967757695621,2.52501549398467,16,0.521316614420063,"3","Q1","Y",7.5665784831746,0.660167478122308,1
"81",2.01741118818462,1.1170247086245,0.983058716890322,125.442059465241,0.926534372531929,1.34353816563535,1.88699288070185,2.15839804992734,1,-0.520543806646526,"3","Q3","N",9.98514900789186,-0.810315635141067,1
"82",1.69621916061793,1.79740215751496,0.978422931124452,250.063974759358,1.42531380720475,2.06180948549587,1.58089604645653,1.87058939583049,2,-0.453877139979859,"3","Q3","N",10.1392888320401,-0.328284167857031,1
"83",1.65133704339467,2.00789751058344,0.965132577815397,135.618311657754,1.74651344542383,2.3932642432502,1.44858880754083,1.79818360070725,3,-0.387210473313192,"3","Q3","N",10.1368831717009,-0.0665806766725029,1
"84",1.74553802859607,1.68170815133975,0.974159503442857,44.2823379679144,1.51280856121334,1.90466490833108,1.58088798413199,1.90036630850303,4,-0.320543806646526,"3","Q3","N",9.91416320337296,-0.284328187556008,1
"85",1.71749784950521,1.42771689444396,0.988094883040134,72.8899229946524,1.27026140609008,1.57118416561645,1.63982890456447,1.85151034238717,5,-0.253877139979859,"3","Q3","N",9.90322218478423,-0.204360403754921,1
"86",1.6532974032248,1.52772745472522,0.98661083941153,90.2392592513369,1.37014391450541,1.72065534428911,1.54950888363213,1.72890603518643,6,-0.187210473313192,"3","Q3","N",10.6095148188833,-0.168050212309737,1
"87",1.85111791623466,1.11417171417193,0.974586709319245,92.7473460962567,0.721915791100263,1.38629800336165,1.7001334965687,2.09294825678038,7,-0.120543806646526,"3","Q3","N",11.1414879439224,-0.0399445530860548,1
"88",1.91359833359298,0.948143939908457,0.971598745604403,50.7445403208556,0.701907288194373,1.31331610594641,1.73209177534981,2.09117438638357,8,-0.053877139979859,"3","Q3","N",9.97351877313727,-0.0140146839266652,1
"89",2.0729305203237,0.68791427556237,0.962685738611685,31.3864295187166,0.39660375541103,0.884094366568377,1.9239795511245,2.28219835513528,9,0.0127895266868077,"3","Q3","N",9.98338176460398,0.0411756123686955,1
"90",2.01995066638799,0.791440646734753,0.94795776593331,15.7657339037433,0.485405398644487,1.17667197207097,1.6855949765671,2.27212021332365,10,0.0794561933534743,"3","Q3","N",9.98368627280636,0.0357488482161763,1
"91",1.92744271112136,0.924379778907808,0.916541556627385,3.26963679144385,0.807486922041833,1.23173784658676,1.45126905834398,2.1360074216149,11,0.146122860020141,"3","Q3","N",9.70474291705256,0.0523368151792523,1
"92",2.05720215374857,1.0611605499791,0.786970410515775,1.11450010695187,0.965424825499842,1.20154014444811,1.5984890911392,3.02141204082954,12,0.212789526686808,"3","Q3","N",9.45868733667999,0.0358771408469615,1
"93",2.37028017276032,1.35673503497527,0.85502035478653,0.503626951871658,1.07173236460612,1.73771638163393,1.71535119563979,3.14640550259099,13,0.279456193353474,"3","Q3","N",9.43966649967007,0.111293929783069,1
"94",1.78436459196054,1.22981493149288,0.933516716326608,0.139789090909091,0.989141148371815,1.47701661695782,1.55091060264942,2.04885608235578,14,0.346122860020141,"3","Q3","N",8.62317471144636,0.0140146839266652,1
"95",1.59339589773031,1.06151914251741,0.915165732528185,0.068755935828877,0.717694095511725,1.40156837700382,1.34796178283389,1.88474259916007,15,0.412789526686808,"3","Q3","N",8.81440936094528,0.0989080020422514,1
"96",1.52226413705718,1.0555911778559,0.958451457931502,0.0435151515151515,0.821437107917539,1.40713648016925,1.36664939148085,1.76563008977089,16,0.479456193353474,"3","Q3","N",8.47766836365556,0.189684364858933,1
"97",1.83152117434495,1.17089758161415,0.96588094631007,1.04957404255319,1.09737984273081,1.28818035627037,1.64945499553368,2.11793764241933,1,-0.318587360594796,"4","Q1","Y",5.91849365882826,0.0641614837327695,1
"98",2.12857780103367,0.938809420783012,0.953862941876286,17.7713255319149,0.682714188479816,1.29505775653641,1.88381503112437,2.32706424411301,2,-0.251920693928129,"4","Q1","Y",6.14104648395062,-0.119580676408357,1
"99",2.27900062620074,0.548154040973115,0.95184337375461,125.023278510638,0.0589203929096818,1.07288831652508,2.06370424591532,2.51437591035103,3,-0.185254027261462,"4","Q1","Y",6.25436228838157,-0.11273727127022,1
"100",1.83133933622257,1.42458652846432,0.930203790645687,128.248130851064,0.989631110781229,1.89752490368142,1.61570312281648,2.08889402054035,4,-0.118587360594796,"4","Q1","Y",6.28545867528018,-0.515315346531269,1
"101",2.34264157935753,0.348897538250284,0.903920301950667,164.850662340426,-0.579639900729368,0.981003197846887,2.01699458893124,2.77045739959066,5,-0.0519206939281288,"4","Q1","Y",6.32462696866068,-0.432661005908754,1
"102",2.21576326094056,0.604376729342023,0.902271058553306,142.032327234043,-0.406059908597344,1.14304096475089,1.92408270446219,2.64857958671269,6,0.0147459727385378,"4","Q1","Y",6.32462696866068,-0.466355695116143,1
"103",2.0428198875751,1.00416533846643,0.911349058079542,120.032886382979,0.382686748018795,1.61914274749836,1.69880662480934,2.3164486444639,7,0.0814126394052044,"4","Q1","Y",6.32462696866068,0.127252709600132,1
"104",2.47473733283526,0.0341327991045457,0.900937372822858,154.633178085106,-0.974061337492927,0.693758187287765,2.15535204085044,2.96516923920951,8,0.148079306071871,"4","Q1","Y",6.33195754698797,-0.0641614837327695,1
"105",2.96463997546753,-0.816759446023256,0.879360097858667,85.9969136170213,-2.12098436197491,0.262964929336857,2.39126708817592,3.66681116316721,9,0.214745972738538,"4","Q1","Y",6.33195754698797,0.128600160856295,1
"106",3.22998098488531,-0.692529446702486,0.911057133027443,27.1702106382979,-1.59369962547433,0.143193004043594,2.58097427210745,3.85142049622065,10,0.281412639405205,"4","Q1","Y",6.33126936486797,0.0864808284413297,1
"107",3.04520013936471,-0.16306854465965,0.939635921306555,16.838584893617,-0.946544748051448,0.377567662036109,2.54623842362528,3.67808421743176,11,0.348079306071871,"4","Q1","Y",6.32953044510418,0.111778443327089,1
"108",2.5807805806959,0.787362710721531,0.954951283188263,5.56952510638298,0.530748923183667,0.979616391397311,2.27711250729463,3.06221317839307,12,0.414745972738538,"4","Q1","Y",6.32784793865722,-0.0925335332114545,1
"109",2.07794811571355,1.28794702935774,0.96154250530663,1.41220042553191,1.22330794733317,1.35632628310667,1.8599161243998,2.42469746992506,13,0.481412639405204,"4","Q1","Y",6.48906961583331,-0.565616634894537,1
"110",2.09175203588934,1.42911446304834,0.952597904619637,0.885026382978723,1.33816872399575,1.53370428123499,1.86133518646206,2.34906446467832,14,0.548079306071871,"4","Q1","Y",6.46571257909572,0.116104704337692,1
"111",1.92863914503898,1.47248862538105,0.974977117358177,0.302727021276596,1.31920889549163,1.77104352519314,1.77307423023212,2.16380067667028,15,0.614745972738538,"4","Q1","Y",6.95601642023796,0.434383365105463,1
"112",1.90176982101164,1.65082159948594,0.972616626077082,0.120165319148936,1.31877746166909,1.92598297239293,1.68157368808704,2.07670981264057,16,0.681412639405204,"4","Q1","Y",7.38569328409321,0.384509991890229,1
"113",2.47747594986846,0.698403103507641,0.966931073048865,61.7847557446809,0.373846670574689,1.13522033692464,2.14928949204866,2.68910958956105,1,-0.341666666666667,"4","Q3","N",11.5889847960408,-0.443423563256108,1
"114",2.21356730922798,0.721685125837746,0.944993495669378,497.258389148936,-0.250290433275981,1.48239466314639,1.90001758886318,2.58710511830349,2,-0.275,"4","Q3","N",11.5134484260354,-0.168660589950889,1
"115",1.97767092737459,1.22615524101951,0.964755575850201,334.289795531915,0.686972057686778,1.65074049691901,1.79121749394235,2.19243928984403,3,-0.208333333333333,"4","Q3","N",11.5134484260354,-0.108438753713852,1
"116",1.93154376992495,1.53909878587258,0.962701717037176,141.835367021277,1.11551367835516,2.00665305666049,1.70935862811247,2.15320807252271,4,-0.141666666666667,"4","Q3","N",11.5684989459346,-0.0627402368861091,1
"117",2.33290498737718,0.675945979047839,0.954308910908845,97.7805557446809,0.269360439424914,1.19876310597698,2.02349749732423,2.5455126941296,5,-0.075,"4","Q3","N",11.6397850706688,-0.046955359862218,1
"118",2.06521825166714,0.998284414477349,0.904986456686811,176.686372765957,0.353778102908898,1.64810764156058,1.72162861727153,2.40803122790348,6,-0.00833333333333332,"4","Q3","N",11.6356880050159,0.00439793319636613,1
"119",2.14969234342864,0.694341019257856,0.863298921709311,177.518923404255,-1.44593537532971,1.77587071477911,1.6246282961059,3.04666882680964,7,0.0583333333333333,"4","Q3","N",11.5361705852584,-0.00439793319636548,1
"120",2.01643231321057,0.982398657949344,0.783378375887185,114.12917106383,-0.20864112409302,1.84581529533037,1.53062087930791,2.66796233586728,8,0.125,"4","Q3","N",11.5135064733579,0.0203888105253721,1
"121",2.52412269622438,0.130942606923989,0.710892825210565,44.8927010638298,-1.40733708867602,1.34709979501307,1.64310823404693,3.45300755738758,9,0.191666666666667,"4","Q3","N",11.5371243115928,0.0280420655075104,1
"122",2.75380523231834,-0.173313714982803,0.731054487624262,32.4642031914894,-2.19644993710281,1.12407565881681,1.8718918306929,3.95007194738042,10,0.258333333333333,"4","Q3","N",11.5504100062943,0.0999826384910774,1
"123",2.71617412449956,0.190848007390922,0.877204391544359,11.0848057446809,-0.457094324522413,0.651637068468955,2.25092391819426,3.34013906898738,11,0.325,"4","Q3","N",11.3687526363675,0.0355662741274426,1
"124",2.55767984668593,0.688374768878774,0.940798211117405,3.56523340425532,0.508157514655214,0.831560494233896,2.175343868489,2.85149479643368,12,0.391666666666667,"4","Q3","N",11.459151696386,0.141683698956162,1
"125",2.16360687763747,1.08129528097008,0.96129277686919,1.24433744680851,1.03225225389451,1.16059489795135,1.96592284420243,2.47771351066648,13,0.458333333333333,"4","Q3","N",11.2517172336792,0.0362294638785225,1
"126",1.94373949691307,1.18120755116263,0.974962744277066,0.456133404255319,1.02834573955474,1.36112603886425,1.69992502832983,2.27748339737585,14,0.525,"4","Q3","N",8.56338475119067,0.0991582062037443,1
"127",1.8835258340259,1.33446296902518,0.97229667942208,0.182034352836879,1.10554750483951,1.82285846565568,1.66034493978508,2.29137997325883,15,0.591666666666667,"4","Q3","N",8.67653114755633,-0.0246750528869574,1
"128",1.71527855325989,1.31987430562311,0.965124870521093,0.0640444033302498,0.908201700496514,1.86343596593099,1.46201940355239,2.07376593068197,16,0.658333333333333,"4","Q3","N",8.8015668324676,-0.858316301043838,1
"129",2.29017545535389,1.34064473724988,0.914390914877932,1.68785112299465,1.19756342912306,1.47886318813966,1.89909307804621,3.05411050289244,1,-0.431652661064426,"5","Q1","Y",6.04584855265445,-0.471452662521276,1
"130",1.97054355981205,1.21048409777716,0.87228953765747,1.25398652406417,1.09958356282768,1.32879564824046,1.65080497532193,2.49753606526828,2,-0.364985994397759,"5","Q1","Y",6.06195885057959,-0.0273288138099211,1
"131",2.18202617573335,1.10342394321228,0.81464889098615,4.0767585026738,0.794100675514651,1.32127717776695,1.79012209661421,2.82515390722631,3,-0.298319327731092,"5","Q1","Y",6.15697420077992,-0.212602010400178,1
"132",2.24327249213718,1.0569514302863,0.877812817701035,5.5181664171123,0.891812545881593,1.27216634308489,1.93593106759585,2.59133747436437,4,-0.231652661064426,"5","Q1","Y",6.22058636328127,-0.213832478686572,1
"133",2.48979867479236,0.847185132955078,0.905962317968477,6.77286459893048,0.582316809471323,1.04590996862703,2.14085533246449,2.87912547098412,5,-0.164985994397759,"5","Q1","Y",6.22058636328127,-0.213832478686572,1
"134",2.45818016547695,0.676387311265478,0.909675862939008,10.0918062032086,0.415285557069778,0.956794439513118,2.16035623105635,2.87027646888199,6,-0.0983193277310924,"5","Q1","Y",6.22058636328127,-0.213832478686572,1
"135",2.29655413107482,0.779670381389471,0.910287175092776,5.77723978609626,0.580701871389518,0.983751233799648,1.98873789946541,2.62987660835391,7,-0.0316526610644258,"5","Q1","Y",6.22058636328127,-0.197939048987034,1
"136",2.29546387602738,0.615039065399459,0.955394383971429,6.08897497326203,0.449426391767925,0.82542269077027,2.00078408170934,2.51515149638424,8,0.0350140056022409,"5","Q1","Y",6.27618949385542,-0.0349666331205983,1
"137",2.15592544942578,0.727596000941371,0.958895980863564,2.52066053475936,0.626426667795547,0.821375703458279,1.85092637824184,2.42966261114784,9,0.101680672268908,"5","Q1","Y",6.2751765274789,0.0273288138099211,1
"138",2.19420136029267,0.734395418346048,0.959494340700728,1.57454951871658,0.681201484163724,0.786867638395717,1.8335861964219,2.48942688072106,10,0.168347338935574,"5","Q1","Y",6.23676324502976,0.0293342973904979,1
"139",2.13929852180946,0.740954864136398,0.975218504968448,1.2546992513369,0.698667286013018,0.786507945454157,1.90674923951946,2.33523154639316,11,0.235014005602241,"5","Q1","Y",6.2410796357958,0.0758050305791435,1
"140",1.99965906406287,0.898123947462265,0.975777027440336,0.388958288770053,0.746741927375061,1.00070697965011,1.76816124705351,2.18073469777457,12,0.301680672268908,"5","Q1","Y",6.21916691807536,0.132296004504925,1
"141",1.79162645424701,0.907599442735286,0.974451942951641,0.190549518716578,0.731642490196981,1.03840214184475,1.63391731759486,1.95593542216873,13,0.368347338935574,"5","Q1","Y",6.33995409727028,0.132296004504925,1
"142",1.66457713374501,0.852982276476908,0.978022896313675,0.134284064171123,0.680556714299817,1.03275764068398,1.50267573248,1.83463973858835,14,0.435014005602241,"5","Q1","Y",6.36036257118069,0.164173930678183,1
"143",1.55560035872037,0.966420552941034,0.956825715280705,0.0332382887700535,0.410579103150617,1.53555065477264,1.29562346135016,1.97166963318651,15,0.501680672268908,"5","Q1","Y",6.62441243481576,0.528547337478724,1
"144",1.73223509002441,1.31140089485221,0.943851760445018,0.0315471657754011,0.845727978704849,2.18139749284941,1.46861249195709,2.25273198130992,16,0.568347338935574,"5","Q1","Y",6.6106238631746,0.325859974968706,1
"145",2.03724857400518,1.25702550732329,0.918016401225766,5.63674331550802,0.97093220664519,1.43131197798359,1.80430828689705,2.50243551678485,1,-0.30805152979066,"5","Q3","N",11.9321619931872,0.192762977879642,1
"146",1.90072126672885,1.2561164596226,0.852976138611224,5.87819401069519,0.862168110958172,1.60458663054807,1.44158686914665,2.38350506572905,2,-0.241384863123994,"5","Q3","N",11.7401030740171,0.12612008095128,1
"147",1.92755979644301,1.12781759240311,0.878080317074996,6.84736406417112,0.824155338326823,1.36540357888916,1.61144394951829,2.36900228809988,3,-0.174718196457327,"5","Q3","N",11.7183537941507,0.16748491772541,1
"148",1.81999151563158,1.12317054120717,0.897409792661191,6.91440684491979,0.94066679121182,1.26682105596558,1.61650144353821,2.10692222020605,4,-0.10805152979066,"5","Q3","N",11.7131556298065,0.176238374146215,1
"149",1.72225484693988,1.10833190468389,0.902563925573392,6.25434374331551,0.922226591376947,1.27394897300082,1.50686316863953,1.97373133861651,5,-0.0413848631239935,"5","Q3","N",11.6353469777173,0.138879166962737,1
"150",1.90210942557453,0.850902874200506,0.959181966404835,4.97715101604278,0.762480368250942,0.979495883953061,1.70057434518369,2.10020445889829,6,0.0252818035426732,"5","Q3","N",11.6353469777173,0.0984224765462117,1
"151",1.92144874412831,0.756773145574359,0.975631439716177,3.68348834224599,0.673959112137044,0.824894566395203,1.77024127743769,2.10008638096078,7,0.0919484702093398,"5","Q3","N",11.6766375766888,0.0184918796652876,1
"152",1.9321986603642,0.737680579210965,0.959787013511343,2.64125240641711,0.673395592824406,0.839733025330113,1.78823714001597,2.11638995595469,8,0.158615136876006,"5","Q3","N",11.6766375766888,0.010976406088072,1
"153",1.91958440655338,0.700126926807286,0.982873412963763,1.73507422459893,0.659289329635188,0.763354510858172,1.78650095992646,2.04652751454836,9,0.225281803542673,"5","Q3","N",11.6342512841242,-0.010976406088072,1
"154",1.83327694890698,0.7435096244253,0.985006569237244,1.08728,0.707052698017148,0.808627860619949,1.70142031003744,1.97141104124104,10,0.29194847020934,"5","Q3","N",11.4069347313178,-0.0883221616126884,1
"155",1.70823923370153,0.750505554600399,0.982020459610095,0.631888983957219,0.691102299944043,0.870573674255778,1.58315987207088,1.91027087140838,11,0.358615136876006,"5","Q3","N",11.4058052166943,-0.117004641616681,1
"156",1.5297820723052,0.700686679362108,0.977171118190949,0.369315721925134,0.620206158352694,0.779137841857463,1.42206319725754,1.62645394699562,12,0.425281803542673,"5","Q3","N",10.7873066521802,-0.13529388695809,1
"157",1.42305147739209,0.606824001573219,0.974976194946837,0.179481069518717,0.509312111895319,0.759997991563615,1.31037800211894,1.55281614116959,13,0.49194847020934,"5","Q3","N",10.6187452278487,-0.141250309146299,1
"158",1.5141134822034,0.788035371391955,0.986897198698883,0.104006844919786,0.588780549938742,1.00544005263959,1.38679951868218,1.69472424615644,14,0.558615136876006,"5","Q3","N",10.1760761471742,-0.244956729567995,1
"159",1.29199243766623,0.524448701083136,0.967610122476584,0.0696517647058824,0.374347194015007,0.681368468920159,1.17957804866842,1.4100390884913,15,0.625281803542673,"5","Q3","N",10.5356775054643,-0.356871982181192,1
"160",1.38448300807821,0.704808111946892,0.985128715042535,0.0272211387228688,0.495925983133227,0.859570216008192,1.26046935518528,1.48472437480592,16,0.69194847020934,"5","Q3","N",11.6916893336951,-0.807237022120358,1
"161",1.89518413356896,1.69015230982025,0.983656266517287,0.0675472670250896,1.33077018904867,1.93970531903932,1.69479339269491,2.08567621342593,1,-0.54582338902148,"6","Q1","Y",5.90214905254419,-0.0651137374927325,1
"162",1.89630282793108,1.73969337263327,0.985324477309146,0.151037933094385,1.47412141202936,2.18153195540135,1.74317115183624,2.10409689685959,2,-0.479156722354813,"6","Q1","Y",6.83457408452457,0.135987524573388,1
"163",1.86619472483047,1.74858842422744,0.985661558809451,0.21288664874552,1.54762618777168,2.08477597930735,1.75231159762904,2.03705657649818,3,-0.412490055688146,"6","Q1","Y",7.34080428462336,0.0807154800207253,1
"164",1.90556430760612,1.67036352630062,0.983000282473207,0.498328181003584,1.50414541889313,1.96655178188955,1.76684791712529,2.11204874560961,4,-0.34582338902148,"6","Q1","Y",6.9196010155854,0.0714884595467137,1
"165",2.04057291675376,1.69461683693538,0.988142665819094,0.991284731182796,1.57811355945656,1.80353309633009,1.93468402595951,2.1422701623667,5,-0.279156722354813,"6","Q1","Y",7.07428793631332,0.0884137463605613,1
"166",2.11664565474235,1.60837118570989,0.988614875938054,4.10734172043011,1.53865336749672,1.68301293322617,2.01773226234785,2.23794270415247,6,-0.212490055688146,"6","Q1","Y",7.14452511732196,0.0793119952692437,1
"167",2.12397482761862,1.57154668539886,0.98076612343457,3.3497335483871,1.49615620588728,1.66550406872251,1.97115822045464,2.30425039414493,7,-0.14582338902148,"6","Q1","Y",7.39232828268694,0.0816592389978175,1
"168",2.22383061740954,1.54926406166912,0.981779630694125,1.73706924731183,1.48839679594326,1.61063782435895,2.07980864228215,2.440945894228,8,-0.0791567223548131,"6","Q1","Y",7.44248612656468,-0.0028780823285287,1
"169",2.27765726084006,1.64294563798209,0.983642766311778,0.926192043010753,1.59103290152924,1.71284304373899,2.11990292510202,2.48048397505983,9,-0.0124900556881464,"6","Q1","Y",7.54924433070882,0.0145233078085692,1
"170",2.33684377197986,1.75023599606192,0.973100039579463,0.608918064516129,1.63815693848608,1.85585044651527,2.14343700015364,2.60557212487725,10,0.0541766109785202,"6","Q1","Y",7.53874698544841,0.00250964869089705,1
"171",2.33778243477464,1.75729406326544,0.962050850754854,0.446278709677419,1.65687085083056,1.86428886580435,2.07482940029395,2.56414754912407,11,0.120843277645187,"6","Q1","Y",7.57083417617308,-0.00250964869089705,1
"172",2.1880839180349,1.69779075625445,0.978775652675468,0.249277204301075,1.59276151334783,1.82691330650045,2.05220678881402,2.37724369105447,12,0.187509944311854,"6","Q1","Y",7.53899515028511,-0.00395105850623834,1
"173",1.89589605087488,1.54082606876193,0.951112683136436,0.200483655913978,1.36608449095767,1.74092315534724,1.71193526262411,2.14232636401047,13,0.25417661097852,"6","Q1","Y",7.68487878363341,-0.136368250879844,1
"174",1.86817861857691,1.52728475941164,0.971921189642063,0.138002150537634,1.32713256914134,1.71921277456429,1.69808203829454,2.03454729993828,14,0.320843277645187,"6","Q1","Y",7.49670516824735,-0.256373791834064,1
"175",1.90127556906113,1.67080811339321,0.961643594195066,0.0930827956989247,1.45471053160491,1.96625268847736,1.73800370758996,2.12110228234537,15,0.387509944311854,"6","Q1","Y",7.66091987253802,-0.816067880722647,1
"176",1.80604700292501,1.5390451181798,0.968607000091776,0.0900602150537634,1.29631664308023,1.89622703793908,1.62609688524553,2.09183255331389,16,0.45417661097852,"6","Q1","Y",7.83651453543278,-0.864012475426613,1
"177",1.87863857741291,1.73752668307517,0.98981013987681,0.352401657706093,1.58701698246002,1.9101670789713,1.77083975374811,2.0492692339694,1,-0.505673758865248,"6","Q3","N",8.82369991958164,0.0155070635949777,1
"178",1.95261882260111,1.69297706615223,0.985545030755934,0.704982150537634,1.49180822632697,1.89537373418885,1.77935295916185,2.16039962246234,2,-0.439007092198582,"6","Q3","N",9.34706271661461,0.0733712768059939,1
"179",1.88223483085935,1.52028355191452,0.983584935646393,0.530417849462366,1.39145264496398,1.64543829469373,1.7634428263579,2.06057239329586,3,-0.372340425531915,"6","Q3","N",9.34800827961412,0.0724681899914737,1
"180",2.01289860678089,1.46724176898028,0.988997608815551,2.54176989247312,1.40208511169063,1.53646077483313,1.91551633107104,2.11041067488256,4,-0.305673758865248,"6","Q3","N",9.09574084960856,-0.0111410641704129,1
"181",2.08615798446886,1.47439285622415,0.985448254207248,4.64783053763441,1.37849829403925,1.55155542699071,1.97107375613886,2.20799778564976,5,-0.239007092198582,"6","Q3","N",9.16781537833736,-0.0152483312953259,1
"182",2.25537684046847,1.29519846492381,0.983671155516544,6.72360043010753,1.15254585373065,1.40261762417435,2.05220447770063,2.45010907954226,6,-0.172340425531915,"6","Q3","N",9.0513731598385,0.249894488185083,1
"183",2.30661122641571,1.25430245456054,0.977136412465252,4.10811096774194,1.12060784513309,1.33707435363465,2.11987697514858,2.58763646801877,7,-0.105673758865248,"6","Q3","N",8.89571748486006,0.449597624606136,1
"184",2.33218672400675,1.29857030129738,0.941017307102421,1.73701892473118,1.16821831508021,1.38949107674621,2.0736913562137,2.87924589689757,8,-0.0390070921985816,"6","Q3","N",8.77617574874522,0.0111410641704129,1
"185",2.1990624061451,1.39474587160774,0.942769270614682,0.717816989247312,1.25099002409004,1.53274312592444,1.91541374665752,2.68677988263924,9,0.0276595744680851,"6","Q3","N",8.78167370744546,0.0148436390519001,1
"186",2.06162605240296,1.34482407269748,0.941786656433547,0.579383440860215,1.16862411776024,1.54677898959201,1.73684463863263,2.63283256613161,10,0.0943262411347519,"6","Q3","N",8.70216781384792,0.0149579516745098,1
"187",2.0838906253241,1.36810162270652,0.963850748617852,0.35376064516129,1.1733591948057,1.5300978904871,1.80835436517519,2.37875138051893,11,0.160992907801418,"6","Q3","N",8.80003387486573,-0.0897576070743516,1
"188",2.19991086542267,1.53483958740368,0.946630429381935,0.255409032258064,1.27347619986972,1.8971194271465,1.88908478727604,2.71242737498743,12,0.227659574468085,"6","Q3","N",8.67622140290538,-0.182127068653248,1
"189",1.97942627511642,1.45934419910882,0.961200817259056,0.137166666666667,1.23047667822935,1.70992615309519,1.80602686733823,2.28899641506396,13,0.294326241134752,"6","Q3","N",8.81315003939465,-0.189267506072818,1
"190",1.83586527749875,1.34007344599964,0.956212766839736,0.131352258064516,1.07740378695929,1.63761718389763,1.60245600416755,2.14234075699173,14,0.360992907801418,"6","Q3","N",8.71580630587879,-0.49577917610939,1
"191",1.62110725392465,1.10116383909051,0.951913935267532,0.0818077419354839,0.856129893166868,1.43083758520409,1.4295011547613,1.86256710434386,15,0.427659574468085,"6","Q3","N",8.4279573786273,-0.423989535806587,1
"192",1.56286002044528,1.05250621076775,0.973389621994146,0.0592184946236559,0.90490150833049,1.18669052341702,1.42303683392981,1.65580045557144,16,0.494326241134752,"6","Q3","N",8.73349509949154,-0.550402375393864,1
"193",1.97706821476492,1.84701438950414,0.99331666033005,10.3688903743316,1.69668909166608,2.00832137762167,1.83541213080887,2.08859492901486,1,-0.36401766004415,"7","Q1","N",7.21825523934923,0.0245440575032051,1
"194",1.96136663280619,1.79340179245551,0.993854915938778,17.2548387165775,1.70237976998446,1.88746031827148,1.87476253278408,2.02713572858577,2,-0.297350993377483,"7","Q1","N",6.89896691767466,-9.43429275656577e-06,1
"195",2.03808494952469,1.79070413366803,0.992980680811212,17.8228025668449,1.68813483417813,1.87257635387017,1.94405801299821,2.13785766024468,3,-0.230684326710817,"7","Q1","N",6.91085868676792,-9.43429275656577e-06,1
"196",2.13310856299726,1.64905981041564,0.994692339234977,49.6868656684492,1.54387151629986,1.72749226325067,2.06594631176829,2.21113647333477,4,-0.16401766004415,"7","Q1","N",6.2112997075203,0.0178850248745534,1
"197",2.09405255901395,1.77552246350487,0.995212986433782,13.4633997860963,1.69746502244275,1.8488854453871,2.02265398463499,2.18873687836183,5,-0.0973509933774835,"7","Q1","N",6.35492796178819,0.0410569522348695,1
"198",2.04878392514292,1.79936414701012,0.993844813928102,7.45451849376114,1.71776940292127,1.87769505311392,1.93974266729567,2.12461743757317,6,-0.0306843267108167,"7","Q1","N",6.29637677920652,0.0397251796346135,1
"199",1.92873447392105,1.90010767699456,0.995333097863482,3.57809155080214,1.786366121117,2.02639670892398,1.85571203368256,2.01740018897836,7,0.0359823399558498,"7","Q1","N",7.32788871488968,0.00737652230045281,1
"200",2.06612322563537,1.81314556887468,0.993272407383173,9.67606930481283,1.71268487180585,1.92433292138014,1.94184593217604,2.17130077361835,8,0.102649006622517,"7","Q1","N",6.99526871909224,9.43429275656577e-06,1
"201",2.08920663079856,1.83550828748133,0.992460785707709,3.51722482174688,1.74182921102719,1.93422312172391,1.964654478358,2.18939367880951,9,0.169315673289183,"7","Q1","N",7.33023017778414,0.00768653602927777,1
"202",1.96462997003053,1.77405789986023,0.992692501464743,2.06163302139037,1.70056382772761,1.84831892405699,1.89041267443798,2.05045323213256,10,0.23598233995585,"7","Q1","N",7.25703951241644,0.012005120518228,1
"203",1.88941031635636,1.82445539183541,0.992043270526281,0.57951614973262,1.71762469424935,1.90364734065515,1.79673435069534,1.98520473176318,11,0.302649006622517,"7","Q1","N",7.30099911860067,-0.0470435568520876,1
"204",1.95347569303412,1.86365325654153,0.991865422951774,0.786318502673797,1.75695659827517,1.95416053867181,1.86200764262285,2.06440114436871,12,0.369315673289183,"7","Q1","N",6.94596667511083,-0.0176588700003338,1
"205",1.93919516839963,1.93697291862767,0.992098768745219,0.305232039060684,1.80229294646046,2.05053445253626,1.85221374035647,2.10487023629419,13,0.43598233995585,"7","Q1","N",6.12389127644906,-0.0850865260805375,1
"206",2.01868609446122,1.92662688187902,0.986064948647551,0.402561011181332,1.78178971288091,2.04105030347723,1.88613565723342,2.27246057933219,14,0.502649006622517,"7","Q1","N",7.30851685223426,-0.958943047765131,1
"207",1.89473557714544,1.89624923399203,0.991585390838596,0.10475350140056,1.70059366820476,2.06397071957524,1.80919845057473,2.04787448373084,15,0.569315673289183,"7","Q1","N",7.86158893619865,-0.922164220364393,1
"208",1.93785375966957,1.91683227498505,0.983099532240405,0.13823987776929,1.6766801211097,2.15487446548817,1.77644683008101,2.10841979383047,16,0.63598233995585,"7","Q1","N",7.77492409227872,-0.88152071759279,1
"209",1.84928777084845,1.78009040050713,0.99205985519696,0.321046256684492,1.675356049723,1.93853681072699,1.7605090746458,1.95425964158552,1,-0.212065439672802,"7","Q3","N",15.3207765902561,0.169020789128155,1
"210",1.98905008856412,1.75373609185124,0.990241286431027,4.61589328063241,1.60845212041723,1.91813416550593,1.85774898862678,2.14504782826259,2,-0.145398773006135,"7","Q3","N",15.7687992324132,0.0596531750071543,1
"211",1.8566919838751,1.70503842010826,0.98698808921593,7.45945588235294,1.58031945263588,1.8837304699057,1.73227343659193,2.03643030218947,3,-0.0787321063394683,"7","Q3","N",15.712482890471,0.0472680857953829,1
"212",1.89033634159215,1.65838697881796,0.979585553384956,36.6004859893048,1.52714451863066,1.83115119825894,1.75118717378655,2.03332772230462,4,-0.0120654396728016,"7","Q3","N",15.6633439089595,0.0443080002414787,1
"213",1.84331012541043,1.6389202020931,0.933856106184227,35.9439503743315,1.29922673249568,2.0795584371277,1.59534635580673,2.12200177251945,5,0.0546012269938651,"7","Q3","N",15.6848563716935,0,1
"214",2.11602632820825,1.24368314137576,0.956912054264418,17.523679144385,0.949788936614,1.53206470412968,1.89087214353548,2.4824271729241,6,0.121267893660532,"7","Q3","N",15.6339939671028,0,1
"215",2.20039672024095,1.02059396557798,0.933012205790849,29.2358992513369,0.317379129643208,1.4727628437782,1.88569570676364,2.64971324713987,7,0.187934560327198,"7","Q3","N",15.6405350439068,0.0235128590468659,1
"216",2.67813377312343,0.329650495124771,0.890333733271437,20.1084462032086,-0.38353581156668,1.0847516347193,2.03651035613409,3.28833120157664,8,0.254601226993865,"7","Q3","N",15.6536699513369,0.0235128590468659,1
"217",2.54535339332951,0.723591376993084,0.922999439456495,6.54306524064171,0.259618850404864,1.01626879719107,2.11358624131656,3.29321416691182,9,0.321267893660532,"7","Q3","N",15.5941790433239,-0.000623940791725218,1
"218",2.60847903224086,0.658453627723967,0.965801570153077,9.24235871657754,0.353773065286479,0.900646615331046,2.26560449157655,2.96112956650877,10,0.387934560327198,"7","Q3","N",15.626552047779,-0.130068952447902,1
"219",2.38978512579092,1.18562522028356,0.971480306790593,2.64495144385027,1.09513543633941,1.292249943903,2.08999326917964,2.64765593886252,11,0.454601226993865,"7","Q3","N",15.6573538192182,-0.130712152565974,1
"220",2.27960914875021,1.23138148600257,0.971396541610317,2.43118887700535,1.14317981465883,1.32429865395835,2.07131275182884,2.49860230922486,12,0.521267893660532,"7","Q3","N",15.6602439538856,-0.482915073578254,1
"221",2.09569793078117,1.42871385188552,0.958680459193134,0.801252406417112,1.31336130464299,1.54794052061938,1.86678721266174,2.32733190847788,13,0.587934560327198,"7","Q3","N",15.6372906857066,-0.578902080542749,1
"222",1.78982296847555,1.37690381109531,0.965184122827006,0.15540192513369,1.13429873678033,1.6381858995805,1.59566048408454,2.03148435383765,14,0.654601226993865,"7","Q3","N",16.1124040109114,-0.830979210871845,1
"223",1.82035717454616,1.49129785499352,0.960887516300349,0.137537326203209,1.14765718239045,1.750279760855,1.57516230477743,2.0819937020513,15,0.721267893660532,"7","Q3","N",16.0955021436204,-0.626204849124932,1
"224",1.75597951184875,1.544913511025,0.96227778743902,0.0450153743315508,1.13229622624732,2.04993152303708,1.5164654416505,2.06367535934719,16,0.787934560327198,"7","Q3","N",15.7324087194241,0.0320840556318588,1
"225",1.90352860790031,1.82087838997883,0.994543403227146,25.3815582887701,1.71999739102794,1.90007732244814,1.78892937045429,2.0082030680795,1,-0.624561403508772,"8","Q1","N",5.07085149671134,0.0185945825748354,1
"226",2.1320051525993,1.35250653943286,0.992442131534455,99.5604902673797,1.09227667135345,1.55439789494418,2.00544976446013,2.29706744221972,2,-0.557894736842105,"8","Q1","N",5.44893875486056,0.587435715681303,1
"227",2.12797623915759,1.24077214412377,0.983478572547721,105.943482566845,0.739826459045751,1.46856834965085,1.99936463095771,2.390353320484,3,-0.491228070175439,"8","Q1","N",5.5318069400082,0.588463444689009,1
"228",2.13499273567794,0.980496085284114,0.980825699979549,331.08449197861,0.735345716762298,1.35819049765827,1.99263569817781,2.23851684411575,4,-0.424561403508772,"8","Q1","N",5.59469032899269,0.314274886496212,1
"229",2.21661455634888,0.734744039657737,0.985627538064569,227.07188513369,0.344591809603045,1.05775366907156,2.0382416311893,2.36725025666254,5,-0.357894736842105,"8","Q1","N",5.61641108999041,0.39261243135541,1
"230",2.14170126973325,0.81063920730437,0.978296068793613,490.583618609626,0.291283115687334,1.29959345558708,1.93370111062353,2.32551295991549,6,-0.291228070175439,"8","Q1","N",5.68707572698968,0.266051804792284,1
"231",2.29084888006143,0.511154664904271,0.969776144914313,228.973546096257,-0.364517013235991,1.17432314206508,1.97445139526188,2.62384870935303,7,-0.224561403508772,"8","Q1","N",5.67497218564468,0.0968702140656326,1
"232",2.63047227857169,-0.375013296101359,0.935962856161839,371.713330481283,-2.02553574467378,0.823095720892661,2.1242409443381,3.22182785623936,8,-0.157894736842105,"8","Q1","N",5.70907995445889,-0.0330592669952771,1
"233",2.4015571863858,0.401346864587986,0.945454955550765,167.554960427807,-0.924136021581392,1.0679330520499,2.08528364649983,3.00550733452413,9,-0.0912280701754386,"8","Q1","N",5.71961120674993,-0.0270835555489405,1
"234",2.45125768618153,0.177758673173125,0.944572871083179,347.380897112299,-1.22192928949313,0.982181627196531,2.09166482218937,3.018429759601,10,-0.0245614035087719,"8","Q1","N",5.81860494546896,-0.11349822403333,1
"235",2.72893890906048,-0.117441970666174,0.933681839180078,141.837388663102,-1.08085107109932,0.884691719756979,2.21813219432726,3.232452793713,11,0.0421052631578947,"8","Q1","N",5.72996488494984,-0.00712795591790213,1
"236",2.51327145791351,0.35706670969584,0.949098933787289,158.95548513369,-0.225250592136977,1.24316366679431,2.13836186446553,2.79914454338562,12,0.108771929824561,"8","Q1","N",5.87598763944514,-0.141699284338483,1
"237",2.32270540514625,1.14351853558308,0.960708954903851,45.8693396791444,0.724169954003448,1.67063255498501,1.99441740025341,2.60584517275408,13,0.175438596491228,"8","Q1","N",5.73087746640724,0.00712795591790213,1
"238",2.37156757467657,1.17985840658853,0.984854339416982,59.9570759358289,0.955069529271062,1.40337258149653,2.19938795598171,2.52712282245173,14,0.242105263157895,"8","Q1","N",5.81747048641395,-0.0986745963229052,1
"239",2.15647037045649,1.80343924015329,0.989368835848611,10.2804367914439,1.68583527980053,1.91888773914538,2.00901394504337,2.27898525143176,15,0.308771929824561,"8","Q1","N",5.64706987954151,-0.411536555310991,1
"240",2.07236607000141,1.99029985433118,0.988148270607324,5.94491550802139,1.85691048843517,2.10891810134502,1.91028893043448,2.26088926126007,16,0.375438596491228,"8","Q1","N",4.49993884509313,-0.0794487104574843,1
"241",1.91552900946979,2.06462995532376,0.995621432924682,19.4469614527629,1.97022317692222,2.14095110906348,1.8542865704962,2.00088041478368,1,-0.568518518518519,"8","Q3","Y",17.1794558116313,-0.426996700058707,1
"242",1.94167055770913,2.02596356217507,0.995486113974856,21.9262914438503,1.95042138679162,2.09995950597519,1.83593188071264,2.03126716874653,2,-0.501851851851852,"8","Q3","Y",17.1537545606141,0.138954693825844,1
"243",1.96147877900146,1.97761956853225,0.993937954870226,108.811066737968,1.85016760709102,2.08092619248274,1.85979390110294,2.08860456849666,3,-0.435185185185185,"8","Q3","Y",16.6132738391041,0.0678147352130137,1
"244",1.92223798660512,2.02275481151585,0.991541735129122,98.380583315508,1.88505528994504,2.1275142732201,1.80173962127968,2.0907271686062,4,-0.368518518518518,"8","Q3","Y",17.4658786991727,0.00574136555785173,1
"245",2.04593197852577,1.68147600978048,0.983714805392433,165.619931122995,1.32743430162609,2.06793310372256,1.88658092788577,2.24404060021434,5,-0.301851851851852,"8","Q3","Y",16.4109276087869,0.0329163498657376,1
"246",2.00136801404301,1.69806659769789,0.986886515532467,303.822444064171,1.42465897063783,1.90670726624069,1.90549723137116,2.12185876987761,6,-0.235185185185185,"8","Q3","Y",16.3808560071789,-0.0313340831834328,1
"247",2.01597464931662,1.5046090112182,0.987394354045498,1362.0226744385,1.15076689815376,1.83140767706593,1.88701232143141,2.17331964016207,7,-0.168518518518519,"8","Q3","Y",16.2966184822421,-0.0230712607579725,1
"248",2.02574563962955,1.48325655643447,0.968591836935471,886.754009197861,0.5889215627733,2.21244584693409,1.74509581910049,2.32612714944885,8,-0.101851851851852,"8","Q3","Y",16.2453273527127,-0.00647897619659765,1
"249",1.9779374977918,1.48933492140102,0.975499886726808,763.091227807487,0.641579225691591,2.19888511213093,1.7042472209711,2.2784197573095,9,-0.0351851851851852,"8","Q3","Y",16.2285065839918,-0.0816291118042731,1
"250",2.04410309502785,1.2586651213954,0.957675547431944,1117.86117796791,0.240468739375027,2.15250118140419,1.74783524671384,2.37807025724551,10,0.0314814814814815,"8","Q3","Y",16.1514618690679,-0.0407348683629545,1
"251",2.26710668499489,0.769760117084359,0.933220963047805,290.985600855615,-0.95993470453744,1.45705210147662,1.9496003193437,2.95770819428793,11,0.0981481481481481,"8","Q3","Y",16.1683024991267,-0.00182543870512173,1
"252",2.32240346127479,0.639658409328348,0.927763748892409,339.196758930481,-0.504322368889793,1.4610513707791,1.9744447188555,2.75914584133608,12,0.164814814814815,"8","Q3","Y",16.1514618690679,0.00182543870512173,1
"253",2.19992907692374,1.16088788942281,0.932112606312568,65.8623893048128,0.695803137428166,1.60222817429942,1.93193367785804,2.51863595015984,13,0.231481481481481,"8","Q3","Y",16.2466663880897,-0.027169600602637,1
"254",2.24020078457764,1.28719861163066,0.970745034445517,54.6397696256684,1.00649262867007,1.59614777708613,2.02567278468405,2.41855885329355,14,0.298148148148148,"8","Q3","Y",16.0568741285472,0.573003299941293,1
"255",2.00322557938786,1.86092474891909,0.991403943477961,5.45952363636364,1.75886488954758,1.94457542234896,1.92594319371309,2.13129509532544,15,0.364814814814815,"8","Q3","Y",16.7731508434631,0.55165251439497,1
"256",2.03655201138573,1.90101604851281,0.991245675010763,1.53033578431373,1.83008884489274,1.97819468596309,1.93317584192263,2.16835463477708,16,0.431481481481481,"8","Q3","Y",15.7324087194241,0.0929854511750835,1
"257",1.9859827955463,1.9495403796112,0.994237286428004,2.14296031522657,1.84623819101473,2.05322084067487,1.90434734552131,2.07753867645136,1,-0.817730496453901,"9","Q1","Y",6.40371800708651,0.523697201030881,1
"258",1.90469172134366,1.5927776514581,0.993202444751822,28.8814701604278,1.4646048837896,1.68500975938068,1.82005155112798,1.99170907397611,2,-0.751063829787234,"9","Q1","Y",6.73721991303588,0.508870725050647,1
"259",1.85550623595596,1.56125293663979,0.972763872974284,201.994339037433,1.17807533804247,2.07194833725148,1.60194022962178,2.01423757564245,3,-0.684397163120567,"9","Q1","Y",6.59809438675877,0.197079504075256,1
"260",1.78780014389153,1.73105080547746,0.9461325513781,590.659770909091,0.863398443290449,2.3864702957657,1.51648451768053,2.09807593790585,4,-0.617730496453901,"9","Q1","Y",6.59717040233435,0.688928148718211,1
"261",1.95904239614885,1.1523820971551,0.961962079092839,572.378919144385,0.796839819384818,1.82332669406809,1.70953484836492,2.09361483867165,5,-0.551063829787234,"9","Q1","Y",6.59717040233435,0.0803504965463538,1
"262",2.04420187308131,0.9152010723989,0.954850892799749,256.955477005348,0.329408647902553,1.29367921701438,1.87834941014864,2.27395118205141,6,-0.484397163120567,"9","Q1","Y",6.59717040233435,0.0630028632101471,1
"263",2.37624052479281,0.3041028160345,0.946135808037665,110.56777540107,-0.847636997248834,0.906333874834716,2.03078362429038,2.9726818396062,7,-0.417730496453901,"9","Q1","Y",6.60910511179039,0.0144081220719034,1
"264",2.10426289966039,0.966816665084429,0.974030700294054,182.296654545455,0.121141212948438,1.37595070071847,1.88440360079071,2.57931305410513,8,-0.351063829787234,"9","Q1","Y",6.731484514442,-0.0151805815852769,1
"265",2.07487605028268,1.02436644788735,0.982936085408588,229.026443208556,0.417917026139003,1.30938561621056,1.90593187082533,2.31777977070839,9,-0.284397163120567,"9","Q1","Y",6.77826347113072,-0.0248841062597225,1
"266",2.11563851435913,1.01608880181536,0.969675272556555,191.114380106952,0.412630899978436,1.40226896425486,1.91674586975948,2.39296763564303,10,-0.217730496453901,"9","Q1","Y",6.77976943078232,-0.0693294764270619,1
"267",2.16231612702655,0.971606415507896,0.956408047795167,108.186920427807,0.452187220036864,1.48165506286462,1.89335613982631,2.42042718283713,11,-0.151063829787234,"9","Q1","Y",6.81466527826776,-0.0596144941916958,1
"268",2.25248103350907,0.92667115423371,0.949475961928027,52.8723822459893,0.525668863088456,1.53183909026616,1.89199371927828,2.50770766055823,12,-0.0843971631205674,"9","Q1","Y",6.85708553452702,-0.0693294764270619,1
"269",2.32426971085778,0.99273269277744,0.954482855014515,19.696953368984,0.71272664635286,1.36205765887213,1.94557039742648,2.55400525881186,13,-0.0177304964539007,"9","Q1","Y",6.85708553452702,-0.0144081220719054,1
"270",2.19370311608134,1.34213202105659,0.969553324198386,6.30118844919786,1.19311434997607,1.45704895029363,1.918862672896,2.42695322428367,14,0.048936170212766,"9","Q1","Y",6.88102333738841,-0.123895025081339,1
"271",2.0132958520082,1.71986572493677,0.982412194482467,1.47929048128342,1.62070883892525,1.80001239829661,1.85713950744394,2.20843810724991,15,0.115602836879433,"9","Q1","Y",7.1546389650964,0.289308966498474,1
"272",1.93105310198864,1.9467437530922,0.988888836669185,0.307149732620321,1.83249130130982,2.05324514948142,1.84877568421179,2.02993040849293,16,0.182269503546099,"9","Q1","Y",7.00243677666388,-0.311071851281789,1
"273",1.98014005443451,1.8249925871854,0.982601067824794,35.690377540107,1.65910580073299,2.13360826313714,1.76383469545834,2.09975562717017,1,-0.851622418879056,"9","Q3","N",11.0562322095946,0.660718109979751,1
"274",2.02423039907573,1.55731065720245,0.970198309142617,215.303361925134,1.20313754121146,2.13726636432232,1.76843855773043,2.20115820510001,2,-0.784955752212389,"9","Q3","N",9.58301480460716,0.042321977913373,1
"275",2.03461939882371,1.37226677071517,0.982904764543277,715.119467165775,1.04786318090701,1.77365370109681,1.89131360813976,2.1823655902366,3,-0.718289085545723,"9","Q3","N",9.57984828422917,0.0409928027711101,1
"276",1.76598971332796,2.02172356595906,0.976745659839465,868.319173262032,1.55074954861657,2.37866235118449,1.6351003650793,1.93355004970564,4,-0.651622418879056,"9","Q3","N",9.43306634318313,-0.0206202248056582,1
"277",1.72109418359499,2.09221530971513,0.950566390474121,497.164724064171,1.63983439478549,2.72042908742328,1.51356112281034,1.91225180840847,5,-0.584955752212389,"9","Q3","N",9.41101202174083,-0.029877722734406,1
"278",1.8708726098953,1.75538740196802,0.978588315846444,155.392776256684,1.43358048933481,1.96118496525028,1.72635339385261,2.01655829796595,6,-0.518289085545723,"9","Q3","N",9.20315166449889,-0.117128959716261,1
"279",1.94991417866089,1.7211594726798,0.988498765300875,25.1387336898396,1.52895764365869,1.88900958792109,1.82195598608274,2.13239436364955,7,-0.451622418879056,"9","Q3","N",9.1709710422245,-0.130637062644315,1
"280",1.80392925722898,1.58215746008128,0.984547095308672,204.286626524064,1.28808071922359,1.876562450226,1.65990263241129,1.95959145519743,8,-0.384955752212389,"9","Q3","N",9.55027041172915,0.0285772272512696,1
"281",1.84757354272629,1.34946462679454,0.991681560122959,357.651927058824,1.16758281011718,1.56831433037911,1.75594333779416,1.93052148665903,9,-0.318289085545723,"9","Q3","N",9.55278054359963,0.0296308774691032,1
"282",2.00555194903424,0.951879392535237,0.976722058811868,360.32410459893,0.634774412041153,1.24085120522744,1.86926773973953,2.11112700663248,10,-0.251622418879056,"9","Q3","N",9.56948519443535,0.0366428034953348,1
"283",2.15337697833334,0.654823443288993,0.975233710978929,226.172153582888,0.256188665072202,0.952012076126172,2.02158171104592,2.35970963394545,11,-0.184955752212389,"9","Q3","N",9.55320023049407,0.0298070447824424,1
"284",2.01513855607298,1.07942175341638,0.937523814797625,118.014007914439,0.617710721265516,1.62225504422255,1.75968798317245,2.22352024768208,12,-0.118289085545723,"9","Q3","N",9.53131428654248,0.0206202248056582,1
"285",2.06581716574125,1.12363140761652,0.896551033630412,50.5650181818182,0.706683721806232,1.91498775436748,1.6680737543008,2.33186247236787,13,-0.051622418879056,"9","Q3","N",9.26988521559373,-0.0891169570502623,1
"286",2.05728813199359,1.33588558708521,0.879884135284286,19.9461493048128,0.849966864879522,1.76701865840542,1.69682849582433,2.4613675432554,14,0.0150442477876107,"9","Q3","N",9.26809793616682,-0.089867183514314,1
"287",2.09864251929285,1.51914535672413,0.953842519508102,6.01607080213904,1.34113648534713,1.65989193458809,1.87558473743127,2.41445531242257,15,0.0817109144542773,"9","Q3","N",8.85650239150812,-0.262638080688764,1
"288",2.20047243119457,1.6934008054478,0.961301587346401,1.57241604278075,1.59220096010499,1.78814918229893,1.91521422654725,2.44683481883403,16,0.148377581120944,"9","Q3","N",8.67391232013367,-0.339281890020249,1
