"","b","a","r_squared","mean.25y","a.low.95CI","a.upp.95CI","b.low.95CI","b.upp.95CI","ageclass","std_L","sp_ID","quarter","spwn"
"1",2.09571809499155,1.63368964986791,0.990898072566636,18.2439057446809,1.54588230517235,1.78132674156129,1.95949003351634,2.22498772790627,1,-0.663809523809524,"1","Q1","1"
"2",2.18408119666657,1.25312578046665,0.968947827870178,118.358713829787,0.883838848114201,1.72494496258965,1.89979858655324,2.40932479036369,2,-0.597142857142857,"1","Q1","1"
"3",2.27590221586506,0.655032682466291,0.959148154314495,435.419471489362,-0.245481374431162,1.31180186763848,2.01182057944343,2.62496334324652,3,-0.53047619047619,"1","Q1","1"
"4",2.32533940314981,0.332803252021473,0.965028612974631,530.183537446808,-0.337490494484066,0.786004645785446,2.1791241310279,2.60192898910978,4,-0.463809523809524,"1","Q1","1"
"5",2.45646942890653,-0.0298794594921761,0.934393322012941,730.062274468085,-1.78212919640927,0.595374581156498,2.2081442249508,2.94631643997703,5,-0.397142857142857,"1","Q1","1"
"6",2.65543405370508,-0.33869238297148,0.920811187074793,344.527889361702,-1.5273215766266,0.443318643231997,2.27359422425482,3.07345981663153,6,-0.33047619047619,"1","Q1","1"
"7",2.27230340834176,0.741687758463071,0.892555227408389,231.67047212766,-0.653007650395995,1.62617553320782,1.86864841604243,2.83804891478847,7,-0.263809523809524,"1","Q1","1"
"8",2.09671523734318,1.24691542800325,0.919487713645448,152.224850425532,0.365892875921287,2.03194245385925,1.74529328312483,2.53208825337054,8,-0.197142857142857,"1","Q1","1"
"9",2.23132670454696,1.03515517778671,0.925586301407884,246.125907446808,-0.0285316382585137,1.83459320754671,1.90650630670565,2.65012589568216,9,-0.13047619047619,"1","Q1","1"
"10",2.27140257238767,1.06676173425669,0.960937093509257,168.261454893617,0.209885654362143,1.47948336671749,2.03352522513974,2.56303626597463,10,-0.0638095238095238,"1","Q1","1"
"11",2.26838773465042,1.06099484475317,0.974776721301539,177.814200851064,0.579333705825778,1.42469918451577,2.05773679068369,2.47443571414605,11,0.00285714285714286,"1","Q1","1"
"12",2.32492257728365,1.05041478226415,0.98221307229718,93.1597038297872,0.764934457728282,1.37520183399705,2.12448437293844,2.5157759311757,12,0.0695238095238095,"1","Q1","1"
"13",2.35218455838446,1.07252174348227,0.971114444618077,65.7008912765957,0.746473591091968,1.54744591952081,2.03473671346824,2.54702479648445,13,0.136190476190476,"1","Q1","1"
"14",2.37425795209796,1.3185609924906,0.988874732316333,10.876119787234,1.18025733798039,1.43386738933362,2.22835163883885,2.52518696492424,14,0.202857142857143,"1","Q1","1"
"15",2.09846950030282,1.65563245038125,0.987795066947887,3.13756723404255,1.57940978948087,1.7498042136407,1.94504950785468,2.26762470464185,15,0.269523809523809,"1","Q1","1"
"16",1.75262224467031,1.58884097238051,0.991683653587761,0.40683002901354,1.46037212621303,1.70416829362009,1.68628176678178,1.86401068937596,16,0.336190476190476,"1","Q1","1"
"17",1.94220373851238,2.00979210487133,0.991895881356245,36.8774506382979,1.85215615515765,2.10327993761349,1.80819863235966,2.05571627052082,1,-0.653424657534247,"1","Q3","1"
"18",1.95751616684643,1.76562971996323,0.96886325625275,423.156863191489,1.24845730844616,2.22539577806034,1.80080189968683,2.16345077525572,2,-0.58675799086758,"1","Q3","1"
"19",2.02771336098158,1.51908572952901,0.952736434231029,729.033029574468,0.795525655095277,2.09035988402344,1.80955732794884,2.29736051390094,3,-0.520091324200913,"1","Q3","1"
"20",1.98790088837174,1.48312373583931,0.983862197040369,627.04102212766,1.08712055829591,1.81675724284677,1.88070289821307,2.13964754765329,4,-0.453424657534247,"1","Q3","1"
"21",2.03175825062831,1.37284741019575,0.979142802385746,280.751883829787,0.897125526773893,1.85354851178284,1.81798120911197,2.23682034169833,5,-0.38675799086758,"1","Q3","1"
"22",2.07134129363798,1.36598844166112,0.950007616023604,271.086094468085,0.675096313918986,2.08748824580996,1.80269290075404,2.42506155435612,6,-0.320091324200913,"1","Q3","1"
"23",2.23777787835736,0.842478125745925,0.882002117245886,366.166282978723,-0.662517469287258,2.32857643686977,1.65460984604669,2.82265656741495,7,-0.253424657534247,"1","Q3","1"
"24",2.24231612488432,0.864651595405525,0.871344634693294,251.492557234043,-0.164666847324831,1.82248481216954,1.7943204405563,2.62088723625887,8,-0.18675799086758,"1","Q3","1"
"25",2.0742310594536,1.22728233712115,0.935705800683874,145.516430425532,0.588536901970705,1.86714137290493,1.74596155031239,2.35597957585519,9,-0.120091324200913,"1","Q3","0"
"26",1.95141207035527,1.37913595552321,0.980954937804616,182.944997021277,0.840980931745828,1.69669872456973,1.77651633482837,2.17117843909591,10,-0.0534246575342466,"1","Q3","0"
"27",2.25649288905266,0.656751432880548,0.980948017750553,221.472889574468,0.0676235387816323,0.974446301406343,2.08527311819134,2.50542796899919,11,0.0132420091324201,"1","Q3","0"
"28",2.37102551227935,0.453660422069243,0.981287020102879,120.895861489362,-0.232163749751481,0.768481202930855,2.19370047066869,2.68413341435765,12,0.0799086757990868,"1","Q3","0"
"29",2.29912332652998,0.628023276882453,0.988646699067769,88.5564465957447,0.362071286207406,0.906131425843203,2.12935791952151,2.44095034908931,13,0.146575342465753,"1","Q3","0"
"30",2.19667068868863,0.985457175579515,0.977545745543831,23.5769106382979,0.720729947854868,1.22181178375161,1.99580929885969,2.44477762493757,14,0.21324200913242,"1","Q3","0"
"31",2.02063637435361,1.38016649500775,0.964231519163839,2.80137765957447,1.29547245740537,1.47135731318693,1.78503031140883,2.25623340871007,15,0.279908675799087,"1","Q3","0"
"32",2.12826174266552,1.69925926362296,0.953991897977828,0.441371489361702,1.51079165396535,1.90370263458282,1.85565445414963,2.4136842719539,16,0.346575342465753,"1","Q3","0"
"33",2.13025813203471,1.23535212802816,0.982032313592791,3.33821340425532,1.15862634974417,1.31766734135871,1.95485476856496,2.30434363977068,1,-0.652542372881356,"2","Q1","1"
"34",2.23195378656947,1.02008271365369,0.960534626502115,5.42798723404255,0.871058512316719,1.22436470878262,1.97280977447371,2.47081345642107,2,-0.585875706214689,"2","Q1","1"
"35",2.34103774164633,0.947597068790907,0.958244928317101,3.61025234042553,0.848298252026421,1.08025530710129,2.11229307935667,2.59170831894372,3,-0.519209039548023,"2","Q1","1"
"36",2.24743446839059,0.961802052419438,0.948229273285976,3.83096638297872,0.816774557834665,1.06925349253791,1.96047327920339,2.49385009143892,4,-0.452542372881356,"2","Q1","1"
"37",2.27252903542764,0.883126438977687,0.93680327453872,3.15251744680851,0.747970057537314,0.997420861962127,1.94626201549528,2.64134465393632,5,-0.385875706214689,"2","Q1","1"
"38",2.35408491460509,0.900675939724049,0.882776293509807,1.74482255319149,0.774556604604459,0.991248708672113,1.86495388798442,2.92218733341963,6,-0.319209039548023,"2","Q1","1"
"39",2.29419339272934,0.96459407434755,0.898661654946594,1.03690957446809,0.88867490828047,1.06797672482383,1.83220653116222,2.86380006076329,7,-0.252542372881356,"2","Q1","1"
"40",2.20203358377311,1.01252985433511,0.896915362815814,0.808164468085106,0.929449914080832,1.11778708805428,1.92168115403806,2.61704971209741,8,-0.185875706214689,"2","Q1","1"
"41",2.05906441178006,0.969864651057422,0.766085945620445,0.631237872340425,0.857644720831183,1.26943425733205,1.74306283118772,2.85435465412458,9,-0.119209039548023,"2","Q1","0"
"42",1.9315829296416,0.93960999579458,0.839163059775567,0.39094829787234,0.758878334639687,1.47699253997448,1.52683529120654,3.00576478478339,10,-0.0525423728813559,"2","Q1","0"
"43",2.02987710625946,0.985244964980085,0.808100464005546,0.372539574468085,0.773124850859947,1.1783246278559,1.59270294827899,2.50573601445298,11,0.0141242937853107,"2","Q1","0"
"44",1.87149206102565,0.927330297124942,0.869161377293977,0.313575531914894,0.594564531837212,1.16609391430573,1.27519601133396,2.36686489755871,12,0.0807909604519774,"2","Q1","0"
"45",2.07363493870936,1.01438601689695,0.791608800700331,0.251897234042553,0.613976581378478,2.08209583479142,1.46637688330532,3.37771144089122,13,0.147457627118644,"2","Q1","0"
"46",1.62213402905897,0.757686773546116,0.914329644358362,0.152835744680851,0.546222939894877,1.01168563658795,1.41461550074414,1.90630471303177,14,0.214124293785311,"2","Q1","0"
"47",1.57988532917283,0.76304285295911,0.857973270946833,0.108324468085106,0.41900348957392,1.06253354695593,1.23939725582251,1.87054642224017,15,0.280790960451977,"2","Q1","0"
"48",1.35320546486405,0.548091217137704,0.925555494334076,0.0699478723404255,0.225509459226452,0.98923256826084,1.08773289500404,1.68760693355219,16,0.347457627118644,"2","Q1","0"
"49",1.89382902726725,1.63069367540684,0.987485611278065,13.281775106383,1.49812910416475,1.77728847926525,1.72411581745377,2.02588776753926,1,-0.730088495575221,"2","Q3","1"
"50",2.03837153741449,1.61918450702886,0.987149479315943,8.38017276595745,1.50614664122648,1.69703383492353,1.93220053479534,2.26592710447051,2,-0.663421828908555,"2","Q3","1"
"51",2.03101943974983,1.31502634081825,0.960691500880185,2.69206574468085,1.18997391191006,1.45612594059132,1.8456132959059,2.30697928941,3,-0.596755162241888,"2","Q3","1"
"52",2.15691782129522,0.956502274408378,0.959774659620392,6.74128042553192,0.769416141401328,1.12206520489911,1.90128851319234,2.53801504025833,4,-0.530088495575221,"2","Q3","1"
"53",2.35383394226388,0.884050378291367,0.898843013635503,4.92238234042553,0.596743993292323,1.16148877077731,1.96336154379275,2.91189281440475,5,-0.463421828908555,"2","Q3","1"
"54",2.08415226807916,0.94084230728789,0.895799252055275,1.92812404255319,0.871570446919998,1.04032490434885,1.84399262646062,2.62815715037077,6,-0.396755162241888,"2","Q3","1"
"55",2.0278940408608,0.909177823591,0.940387404518354,1.61870680851064,0.867856954475393,0.983663830089938,1.787386052814,2.27699723414294,7,-0.330088495575221,"2","Q3","1"
"56",2.14997792719931,0.947662747332863,0.923869586287267,1.14495808510638,0.881038720697977,1.02039788561515,1.82515731636116,2.49606737835039,8,-0.263421828908555,"2","Q3","1"
"57",2.51672487870272,1.18372295317449,0.905421445751225,0.677865531914894,1.07765897426925,1.28457166156563,2.14952306576107,2.89604542538596,9,-0.196755162241888,"2","Q3","0"
"58",2.34356404775777,1.20744313555566,0.870798105893055,0.615779361702128,1.04021586763652,1.32274199197959,1.75265142118017,2.87221752735055,10,-0.130088495575221,"2","Q3","0"
"59",2.23301636897719,1.24407412495377,0.936789880061597,0.500527872340426,1.04926346505879,1.42244972190286,1.89641372484192,2.61965134154277,11,-0.0634218289085546,"2","Q3","0"
"60",2.24420647096556,1.36040628766906,0.944024379694206,0.302715531914894,1.01578424997794,1.67204862765762,1.81254674331696,2.78994459740915,12,0.00324483775811209,"2","Q3","0"
"61",2.26111925518685,1.43280422503458,0.931946718984173,0.270531489361702,1.07321141066715,1.79577420592687,1.78054014281313,2.7137541539176,13,0.0699115044247788,"2","Q3","0"
"62",2.15971467169409,1.47397100701797,0.93024142532532,0.202466382978723,0.970319809768154,1.86030159039719,1.6196242979217,2.60223217276773,14,0.136578171091445,"2","Q3","0"
"63",2.07459798785297,1.59452632514765,0.926132418758045,0.131065319148936,0.909423677841886,2.01967053883433,1.50137573672907,2.44009563839886,15,0.203244837758112,"2","Q3","0"
"64",2.16172989863682,1.6642837814308,0.939896629844668,0.0924989361702128,0.908039259602372,2.26878411572472,1.61782917482376,2.62371525722662,16,0.269911504424779,"2","Q3","0"
"65",1.82596413022057,1.47437398189817,0.996529639264261,29.2211214973262,1.40705373108339,1.5557897844823,1.77119922134881,1.9092134004516,1,-0.477083333333333,"3","Q1","1"
"66",1.81218898462569,1.3005283761676,0.994497476369211,112.953714652406,1.20540087712878,1.43998593817715,1.7515465857034,1.89836456372472,2,-0.410416666666667,"3","Q1","1"
"67",1.87705387081557,1.1683873124666,0.991391464844339,144.662045347594,0.981622029950607,1.38074501425647,1.78821693343625,1.98121076526793,3,-0.34375,"3","Q1","1"
"68",1.85172561725063,1.15318801149792,0.987241372682494,70.1542823529412,0.975524696854395,1.40185114590956,1.72075548234732,1.95708826220854,4,-0.277083333333333,"3","Q1","1"
"69",1.91348159218139,1.15040195630347,0.977696193156267,81.8380605347594,0.841183783322083,1.39072658141617,1.77004895043126,2.12861996338926,5,-0.210416666666667,"3","Q1","1"
"70",1.9288373969106,1.11663260591082,0.974382392356618,127.462390802139,0.793307058758628,1.43123778661511,1.76341081208432,2.11504573908919,6,-0.14375,"3","Q1","1"
"71",2.0897101999005,0.810870502840492,0.946818946321039,68.2913244919786,0.411681307936735,1.2182820832817,1.88264357855073,2.36578713866923,7,-0.0770833333333333,"3","Q1","1"
"72",2.37914871023735,0.418023106908123,0.939957282541625,42.524425026738,-0.141929099638493,0.861531176953686,2.09567970263394,2.80585463284268,8,-0.0104166666666667,"3","Q1","1"
"73",2.58088242463008,0.275365346566181,0.964773771751368,21.304007486631,-0.109488903983688,0.632259629323296,2.27777550074847,2.9740498079506,9,0.05625,"3","Q1","0"
"74",2.49568643753708,0.5746113948662,0.955413166653522,7.99094695187166,0.195036365356313,0.89815953520652,2.04589063910232,2.90105351347866,10,0.122916666666667,"3","Q1","0"
"75",2.42127855045952,0.838587637696103,0.912529537905858,3.24781582887701,0.624128954756031,1.06208575968826,1.74256957859119,2.93601747854916,11,0.189583333333333,"3","Q1","0"
"76",2.19336820394983,1.19781109447226,0.869040197738688,0.760460534759358,1.01829458418326,1.43759515324946,1.57476694661226,3.50517729226467,12,0.25625,"3","Q1","0"
"77",1.87092791582218,1.20674503517813,0.895202267995908,0.334560213903743,1.05158064430328,1.47243220600356,1.59112121009922,2.2545530424197,13,0.322916666666667,"3","Q1","0"
"78",1.9387959217152,1.38689454926704,0.885057808540845,0.150250481283422,1.08984273676894,1.99497935691915,1.59649522551093,2.63536733216511,14,0.389583333333333,"3","Q1","0"
"79",1.67239830749172,1.19105868449071,0.886574835590692,0.095516577540107,0.937398966821491,1.66133972040707,1.44029380090838,1.99387845311813,15,0.45625,"3","Q1","0"
"80",2.05763158097009,1.73422444443479,0.957318636229124,0.0929212834224599,1.29123872633053,2.2456965005448,1.69922310035349,2.51829197698277,16,0.522916666666667,"3","Q1","0"
"81",2.01741118818462,1.1170247086245,0.983058716890322,125.442059465241,0.937114920533324,1.35907076281685,1.89576575136961,2.16577445492428,1,-0.513930348258706,"3","Q3","0"
"82",1.69621916061793,1.79740215751496,0.978422931124452,250.063974759358,1.48262633255811,2.06929030582127,1.57445448209991,1.84732161731532,2,-0.44726368159204,"3","Q3","0"
"83",1.66334135983021,1.99016722646398,0.968815863716205,150.504416042781,1.73663994298026,2.39928038421743,1.47780534354075,1.79909666860794,3,-0.380597014925373,"3","Q3","0"
"84",1.70062384675449,1.68628548243846,0.974455538461972,29.3962335828877,1.55138927806395,1.88944098637923,1.56383362856572,1.84478268254053,4,-0.313930348258706,"3","Q3","0"
"85",1.71749784950521,1.42771689444396,0.988094883040134,72.8899229946524,1.2542954039057,1.5680050241405,1.63180231412227,1.82994936467899,5,-0.24726368159204,"3","Q3","0"
"86",1.66750811445396,1.52375474292296,0.987033304740297,116.14610631016,1.39638157238569,1.70552796734065,1.56806577222802,1.72677533210077,6,-0.180597014925373,"3","Q3","0"
"87",1.87618069632799,1.0508071370666,0.974826068816523,66.8404990374331,0.702260422190704,1.31204869661782,1.72680710480656,2.08904458790708,7,-0.113930348258706,"3","Q3","0"
"88",1.91359833359298,0.948143939908457,0.971598745604403,50.7445403208556,0.684847555455903,1.2798119807424,1.72410882325375,2.09483678486351,8,-0.0472636815920398,"3","Q3","0"
"89",2.09441862478744,0.64364415341408,0.958451174581748,37.4086731550802,0.250605040714758,0.872738637930929,1.95351383254825,2.38752546965986,9,0.0194029850746269,"3","Q3","1"
"90",2.01226189641721,0.812482931912379,0.958109164671167,9.74349026737968,0.547654242229535,1.20219283138955,1.61305661182485,2.27341131462033,10,0.0860696517412935,"3","Q3","1"
"91",1.92744271112136,0.924379778907808,0.916541556627385,3.26963679144385,0.795929966969523,1.21988473597734,1.48040523933029,2.17519889734664,11,0.15273631840796,"3","Q3","1"
"92",2.25559844650992,1.04568795709993,0.809631404106317,1.31691593582888,0.96067497138322,1.19862663664886,1.68757445591113,3.49280918961484,12,0.219402985074627,"3","Q3","1"
"93",2.17547844742065,1.36211083319015,0.847940221281262,0.301211122994652,1.04000584792525,2.06117174726923,1.69656985158518,3.1262624107848,13,0.286069651741294,"3","Q3","1"
"94",1.78436459196054,1.22981493149288,0.933516716326608,0.139789090909091,1.01794244232749,1.50244994962852,1.56535601803154,2.0876797932607,14,0.35273631840796,"3","Q3","1"
"95",1.56229282165508,1.01550214842319,0.931517390075979,0.0811982887700535,0.745819233476014,1.31161362986701,1.30916378597814,1.7826231710427,15,0.419402985074627,"3","Q3","1"
"96",1.61246293764961,1.19776133813975,0.961414592565844,0.043545008912656,0.943936247407634,1.6181623216262,1.44694886640052,1.91138422766271,16,0.486069651741294,"3","Q3","1"
"97",1.83152117434495,1.17089758161415,0.96588094631007,1.04957404255319,1.08599070410181,1.28007903875343,1.66883925965997,2.1206185251667,1,-0.317283950617284,"4","Q1","0"
"98",2.12857780103367,0.938809420783012,0.953862941876286,17.7713255319149,0.675282560282752,1.26783143783363,1.88339383576685,2.31824555294362,2,-0.250617283950617,"4","Q1","0"
"99",2.27900062620074,0.548154040973115,0.95184337375461,125.023278510638,0.0646948875877802,1.02784819361516,2.04512872740189,2.54689136464175,3,-0.183950617283951,"4","Q1","0"
"100",1.83133933622257,1.42458652846432,0.930203790645687,128.248130851064,0.955649354201607,1.88933914343562,1.60374651210579,2.04803986956077,4,-0.117283950617284,"4","Q1","0"
"101",2.34264157935753,0.348897538250284,0.903920301950667,164.850662340426,-0.667773459380963,0.966712715268128,2.02589511870764,2.79832437585234,5,-0.0506172839506173,"4","Q1","0"
"102",2.21576326094056,0.604376729342023,0.902271058553306,142.032327234043,-0.398405865881129,1.12637537002364,1.92505269077111,2.64078723588258,6,0.0160493827160494,"4","Q1","0"
"103",2.0428198875751,1.00416533846643,0.911349058079542,120.032886382979,0.435178941094131,1.71193902604394,1.70707232899378,2.34648286083573,7,0.0827160493827161,"4","Q1","0"
"104",2.47473733283526,0.0341327991045457,0.900937372822858,154.633178085106,-0.981845613391191,0.707407446598066,2.17244688137439,3.03519672277547,8,0.149382716049383,"4","Q1","0"
"105",2.96463997546753,-0.816759446023256,0.879360097858667,85.9969136170213,-2.15999316991027,0.132087939205958,2.36777520712923,3.70299936250374,9,0.216049382716049,"4","Q1","1"
"106",3.22998098488531,-0.692529446702486,0.911057133027443,27.1702106382979,-1.53328786890328,0.0791592579817562,2.56924414205781,3.842288804946,10,0.282716049382716,"4","Q1","1"
"107",3.04520013936471,-0.16306854465965,0.939635921306555,16.838584893617,-0.851812314477645,0.391111182819871,2.55078713193133,3.62094834316078,11,0.349382716049383,"4","Q1","1"
"108",2.5807805806959,0.787362710721531,0.954951283188263,5.56952510638298,0.530700911122276,0.968010852938671,2.28316711916935,3.05893132871959,12,0.416049382716049,"4","Q1","1"
"109",2.08670711314185,1.27488917658601,0.965579042153904,1.79045042553191,1.19493130927114,1.35739760253074,1.92299962139207,2.3959908196686,13,0.482716049382716,"4","Q1","1"
"110",2.10126735276193,1.53105761215208,0.965048715522461,0.506776382978723,1.39921683478565,1.66834721189567,1.88486806331171,2.29173648602204,14,0.549382716049383,"4","Q1","1"
"111",1.92863914503898,1.47248862538105,0.974977117358177,0.302727021276596,1.30855188390105,1.74109936658123,1.76838987900585,2.15647213709387,15,0.616049382716049,"4","Q1","1"
"112",1.90176982101164,1.65082159948594,0.972616626077082,0.120165319148936,1.28372440595158,1.92511304072323,1.67299331124156,2.07973715310421,16,0.682716049382716,"4","Q1","1"
"113",2.47747594986846,0.698403103507641,0.966931073048865,61.7847557446809,0.365002912870416,1.09682822885762,2.14392689438799,2.69326366254147,1,-0.339080459770115,"4","Q3","1"
"114",2.21356730922798,0.721685125837746,0.944993495669378,497.258389148936,-0.392688481575086,1.50520245465698,1.91667137134229,2.66921030919653,2,-0.272413793103448,"4","Q3","1"
"115",1.97767092737459,1.22615524101951,0.964755575850201,334.289795531915,0.706854211970913,1.6538326010665,1.79480288625289,2.19661357456642,3,-0.205747126436782,"4","Q3","1"
"116",1.93154376992495,1.53909878587258,0.962701717037176,141.835367021277,1.13189494190146,1.96472850850774,1.72247477873736,2.14410548333078,4,-0.139080459770115,"4","Q3","1"
"117",2.33290498737718,0.675945979047839,0.954308910908845,97.7805557446809,0.244757901250261,1.14639364114999,2.00105861182848,2.5422103370901,5,-0.0724137931034483,"4","Q3","1"
"118",2.06521825166714,0.998284414477349,0.904986456686811,176.686372765957,0.280167749461392,1.76152206713805,1.76313526336467,2.38880161838119,6,-0.00574712643678161,"4","Q3","1"
"119",2.14969234342864,0.694341019257856,0.863298921709311,177.518923404255,-0.990491958804854,1.75882712204135,1.6826988833251,2.97175166592798,7,0.0609195402298851,"4","Q3","1"
"120",2.01643231321057,0.982398657949344,0.783378375887185,114.12917106383,-0.147184840756502,1.85389261424659,1.59915806930472,2.68472658683614,8,0.127586206896552,"4","Q3","1"
"121",2.58122236259687,-0.0461438200421131,0.691476986580859,59.4655112765957,-1.81815366122713,1.47932683879493,1.72024670199812,3.67736989731147,9,0.194252873563218,"4","Q3","0"
"122",2.74185938310867,0.0484214995160381,0.743873509350493,17.8913929787234,-1.56254630372673,1.09996060614292,1.88975665737354,4.11660816860879,10,0.260919540229885,"4","Q3","0"
"123",2.71617412449956,0.190848007390922,0.877204391544359,11.0848057446809,-0.396250117252595,0.662707236377327,2.27777252912732,3.41354895216433,11,0.327586206896552,"4","Q3","0"
"124",2.55767984668593,0.688374768878774,0.940798211117405,3.56523340425532,0.511281808799745,0.826851895294854,2.13049446549065,2.88019686471089,12,0.394252873563218,"4","Q3","0"
"125",2.16360687763747,1.08129528097008,0.96129277686919,1.24433744680851,1.03026958825223,1.15725125240401,1.95948277552198,2.50703658612223,13,0.460919540229885,"4","Q3","0"
"126",1.94373949691307,1.18120755116263,0.974962744277066,0.456133404255319,1.03058559708464,1.3859883400629,1.69869788435663,2.2727866460645,14,0.527586206896552,"4","Q3","0"
"127",1.8835258340259,1.33446296902518,0.97229667942208,0.182034352836879,1.08988408455225,1.7987861587221,1.65845833590918,2.29319265556791,15,0.594252873563218,"4","Q3","0"
"128",1.71527855325989,1.31987430562311,0.965124870521093,0.0640444033302498,0.921174527490852,1.85188314430323,1.45777362737087,2.08095293245799,16,0.660919540229885,"4","Q3","0"
"129",1.89518413356896,1.69015230982025,0.983656266517287,0.0675472670250896,1.28419151181562,1.94409877862559,1.68980756164275,2.06452723626792,1,-0.544444444444444,"5","Q1","1"
"130",1.89630282793108,1.73969337263327,0.985324477309146,0.151037933094385,1.53083011755897,2.20332093415696,1.72865104953899,2.10227624143738,2,-0.477777777777778,"5","Q1","1"
"131",1.86619472483047,1.74858842422744,0.985661558809451,0.21288664874552,1.54161646527428,2.06497032584368,1.76179010294354,2.05507349495193,3,-0.411111111111111,"5","Q1","1"
"132",1.90556430760612,1.67036352630062,0.983000282473207,0.498328181003584,1.4764778461317,1.90891652179309,1.7692076363049,2.13007323787565,4,-0.344444444444444,"5","Q1","1"
"133",2.04057291675376,1.69461683693538,0.988142665819094,0.991284731182796,1.57867588181227,1.80532942068082,1.92286234790572,2.14717578022018,5,-0.277777777777778,"5","Q1","1"
"134",2.11664565474235,1.60837118570989,0.988614875938054,4.10734172043011,1.54881739167156,1.69261264513006,2.02666393925023,2.24333885360765,6,-0.211111111111111,"5","Q1","1"
"135",2.12397482761862,1.57154668539886,0.98076612343457,3.3497335483871,1.49868156409731,1.66895372693044,1.98082422261738,2.30195281349365,7,-0.144444444444444,"5","Q1","1"
"136",2.22383061740954,1.54926406166912,0.981779630694125,1.73706924731183,1.4947887204144,1.62247368706229,2.06283342642861,2.44150871703728,8,-0.0777777777777778,"5","Q1","1"
"137",2.27765726084006,1.64294563798209,0.983642766311778,0.926192043010753,1.58354830030948,1.71518641372604,2.13209353230789,2.49273265188944,9,-0.0111111111111111,"5","Q1","1"
"138",2.33684377197986,1.75023599606192,0.973100039579463,0.608918064516129,1.64304396210353,1.84934990101602,2.12266770548148,2.57914201134301,10,0.0555555555555556,"5","Q1","1"
"139",2.33778243477464,1.75729406326544,0.962050850754854,0.446278709677419,1.64457958471299,1.86622136159137,2.0856201558188,2.57548936490056,11,0.122222222222222,"5","Q1","1"
"140",2.1880839180349,1.69779075625445,0.978775652675468,0.249277204301075,1.59166188970333,1.82721757777446,2.04144139110553,2.37118161240085,12,0.188888888888889,"5","Q1","1"
"141",1.89589605087488,1.54082606876193,0.951112683136436,0.200483655913978,1.3494136326825,1.75611412368771,1.72002889097922,2.1509420689228,13,0.255555555555556,"5","Q1","1"
"142",1.86817861857691,1.52728475941164,0.971921189642063,0.138002150537634,1.35494796526967,1.73040309909284,1.69718746844645,2.02660051746018,14,0.322222222222222,"5","Q1","1"
"143",1.90127556906113,1.67080811339321,0.961643594195066,0.0930827956989247,1.45447100677336,2.01841016040009,1.73599103755771,2.16349551306588,15,0.388888888888889,"5","Q1","1"
"144",1.80604700292501,1.5390451181798,0.968607000091776,0.0900602150537634,1.29069141960827,1.92020370569884,1.62351766983777,2.06807727574516,16,0.455555555555556,"5","Q1","1"
"145",1.87863857741291,1.73752668307517,0.98981013987681,0.352401657706093,1.58910802664535,1.9257624977139,1.76658719319794,2.04078410045815,1,-0.507111111111111,"5","Q3","1"
"146",1.95261882260111,1.69297706615223,0.985545030755934,0.704982150537634,1.52052966062569,1.91370380454047,1.78018576943804,2.22557369670401,2,-0.440444444444444,"5","Q3","1"
"147",1.88223483085935,1.52028355191452,0.983584935646393,0.530417849462366,1.39012180815076,1.64671066419315,1.75835907133335,2.07210850031284,3,-0.373777777777778,"5","Q3","1"
"148",1.97006017008036,1.50898807982747,0.987915271868103,1.51787462365591,1.42577665030401,1.5923962320886,1.86891111621998,2.09150869421963,4,-0.307111111111111,"5","Q3","1"
"149",2.06780332917701,1.46826015066709,0.987123144510471,5.67172580645161,1.36799004894718,1.5577598425096,1.95454881871774,2.18111757970232,5,-0.240444444444444,"5","Q3","1"
"150",2.25537684046847,1.29519846492381,0.983671155516544,6.72360043010753,1.18101017866757,1.43070669414658,2.04776970928208,2.43401911868902,6,-0.173777777777778,"5","Q3","1"
"151",2.30661122641571,1.25430245456054,0.977136412465252,4.10811096774194,1.12199292747239,1.32923380541887,2.09282139789358,2.54118139807708,7,-0.107111111111111,"5","Q3","1"
"152",2.29501899408606,1.35993026302658,0.946393802988463,1.41172430107527,1.26702355259303,1.45655768188941,2.07883723478275,2.86094766131948,8,-0.0404444444444444,"5","Q3","1"
"153",2.28258444096416,1.34103373295187,0.934251969950254,1.04311161290323,1.23851625955676,1.45824431760431,1.9121282279674,2.7734322348462,9,0.0262222222222222,"5","Q3","0"
"154",2.06162605240296,1.34482407269748,0.941786656433547,0.579383440860215,1.17526070467944,1.55693743794175,1.72659400836416,2.58323924488753,10,0.0928888888888889,"5","Q3","0"
"155",2.0838906253241,1.36810162270652,0.963850748617852,0.35376064516129,1.1862211566198,1.53059553533157,1.81807266697899,2.41229324010874,11,0.159555555555556,"5","Q3","0"
"156",2.20567948210923,1.59585593068134,0.94386780292559,0.206701290322581,1.31857184110773,2.06229392365684,1.92079466421182,2.85986061530768,12,0.226222222222222,"5","Q3","0"
"157",2.02632752237702,1.4293701108864,0.968547165342303,0.185874408602151,1.21992608950929,1.59435024833048,1.84307922678573,2.25489905956643,13,0.292888888888889,"5","Q3","0"
"158",1.83586527749875,1.34007344599964,0.956212766839736,0.131352258064516,1.06594830901398,1.6654456014714,1.59172643045034,2.13248318798504,14,0.359555555555556,"5","Q3","0"
"159",1.62110725392465,1.10116383909051,0.951913935267532,0.0818077419354839,0.848575405423524,1.43149312811295,1.42717349145021,1.88013074146222,15,0.426222222222222,"5","Q3","0"
"160",1.49288214346593,0.97497508130355,0.970183928854002,0.0461172043010753,0.816642993913236,1.2702039888372,1.38326157615221,1.67237290368855,16,0.492888888888889,"5","Q3","0"
"161",1.97706821476492,1.84701438950414,0.99331666033005,10.3688903743316,1.67571503028732,1.98319910460524,1.85942682805463,2.09782316720419,1,-0.366666666666667,"6","Q1","1"
"162",1.88833478961255,1.83090657135063,0.994433711898984,7.92722281639929,1.71688214650616,1.9331683629026,1.81309611919365,1.9558726505533,2,-0.3,"6","Q1","1"
"163",2.04517809807434,1.75117971134209,0.993336418779633,28.4187741176471,1.63713413507686,1.82595408439901,1.96942350599675,2.15122466836242,3,-0.233333333333333,"6","Q1","1"
"164",2.12733805584293,1.69612584692116,0.994368400474334,25.8326637433155,1.59387371908526,1.76728183326867,2.05099212938625,2.20418459733868,4,-0.166666666666667,"6","Q1","1"
"165",2.13192823147659,1.68306091113021,0.995208393208826,37.3176017112299,1.58641642695516,1.76645405987842,2.05290225159739,2.20653028041921,5,-0.1,"6","Q1","1"
"166",1.98692637319068,1.8188699031097,0.995057842715615,4.34652629233512,1.74360204662074,1.89905762433548,1.89306963259037,2.06627807008778,6,-0.0333333333333333,"6","Q1","1"
"167",2.03613238811721,1.84453083052381,0.99500047197346,6.56176406417112,1.73590660289048,1.94225427923554,1.95373946522794,2.12578214991923,7,0.0333333333333333,"6","Q1","1"
"168",2.01109788077053,1.869600628114,0.993494588390645,4.83850735294118,1.76592959304562,1.97257448056716,1.90949788533251,2.1055136543161,8,0.1,"6","Q1","1"
"169",2.11279629444576,1.77672719893313,0.993191988216917,8.40763807486631,1.68148103767314,1.87824319678,1.98153645395652,2.2244499115971,9,0.166666666666667,"6","Q1","0"
"170",1.96259562559078,1.78803475674015,0.994032298631027,1.31250868983957,1.71891269884652,1.8697933294607,1.89368090752087,2.05220774208285,10,0.233333333333333,"6","Q1","0"
"171",1.92476822736319,1.791594699648,0.990332752760201,1.29867550802139,1.70696444391042,1.8810654678606,1.8255888075872,2.06614826264364,11,0.3,"6","Q1","0"
"172",1.91173837611026,1.82399945585172,0.991780497040858,0.462117879562892,1.72544439832669,1.93314633647305,1.82107077437965,2.02698817583319,12,0.366666666666667,"6","Q1","0"
"173",2.02650771323731,1.91786113056237,0.991154530625096,0.668732843137255,1.82197352942417,2.00318033717328,1.88044715078865,2.17070530648493,13,0.433333333333333,"6","Q1","0"
"174",2.04440557469135,1.95858567425065,0.989774883779416,0.228393684746626,1.82763883195541,2.09745935978232,1.88435280962929,2.20093407051462,14,0.5,"6","Q1","0"
"175",1.91226274270745,1.90813132835344,0.988752835641642,0.272169495466171,1.77297745085286,2.04543135996959,1.83465092551326,2.07780564708147,15,0.566666666666667,"6","Q1","0"
"176",1.91650386106517,1.93131185363012,0.987745387829611,0.0889485612426789,1.61092693443601,2.15856059299724,1.75438446316774,2.06442187670618,16,0.633333333333333,"6","Q1","0"
"177",1.84928777084845,1.78009040050713,0.99205985519696,0.321046256684492,1.65711455174749,1.91942316874214,1.76470708661759,1.94642459212267,1,-0.209090909090909,"6","Q3","1"
"178",1.98905008856412,1.75373609185124,0.990241286431027,4.61589328063241,1.5929452334711,1.8971232023521,1.85840405388798,2.13046720329817,2,-0.142424242424242,"6","Q3","1"
"179",1.8566919838751,1.70503842010826,0.98698808921593,7.45945588235294,1.57359846616773,1.86503408637261,1.73228011285271,2.04239526460195,3,-0.0757575757575758,"6","Q3","1"
"180",1.89033634159215,1.65838697881796,0.979585553384956,36.6004859893048,1.53327992852387,1.83897910947938,1.76679149343001,2.06404394046421,4,-0.00909090909090909,"6","Q3","1"
"181",1.84331012541043,1.6389202020931,0.933856106184227,35.9439503743315,1.27420517887219,2.11257843490282,1.55765027082427,2.12474518678875,5,0.0575757575757576,"6","Q3","1"
"182",2.11602632820825,1.24368314137576,0.956912054264418,17.523679144385,0.926865371897792,1.52771107044924,1.89905244664987,2.44306328313632,6,0.124242424242424,"6","Q3","1"
"183",2.20039672024095,1.02059396557798,0.933012205790849,29.2358992513369,0.420766867688442,1.50152644700071,1.89968261240948,2.67025840655149,7,0.190909090909091,"6","Q3","1"
"184",2.67813377312343,0.329650495124771,0.890333733271437,20.1084462032086,-0.36789386182936,1.1165880931983,2.08859010141565,3.23227618380701,8,0.257575757575758,"6","Q3","1"
"185",2.54535339332951,0.723591376993084,0.922999439456495,6.54306524064171,0.212043055578382,1.02682502004605,2.10779965494658,3.27856280826753,9,0.324242424242424,"6","Q3","0"
"186",2.60847903224086,0.658453627723967,0.965801570153077,9.24235871657754,0.344786456293704,0.897917882115577,2.28151819407164,2.94567760593644,10,0.390909090909091,"6","Q3","0"
"187",2.38384385367196,1.09219763698241,0.974279093862929,4.17879101604278,0.957356305726503,1.20950729708206,2.12164597247623,2.64837952818242,11,0.457575757575758,"6","Q3","0"
"188",2.1293207031081,1.38684612380129,0.968170679346636,0.897349304812834,1.28799310614911,1.50381185701828,1.92358213473448,2.3597029488048,12,0.524242424242424,"6","Q3","0"
"189",2.09569793078117,1.42871385188552,0.958680459193134,0.801252406417112,1.3228844825971,1.54439975909214,1.8455857096646,2.31069978259412,13,0.590909090909091,"6","Q3","0"
"190",1.91418779592524,1.43416935519285,0.964678333530531,0.258985454545455,1.2505368165981,1.58275873725237,1.71364610487847,2.07512013295457,14,0.657575757575758,"6","Q3","0"
"191",1.65344383831148,1.29799318651598,0.94778628651836,0.0385838599902771,0.73857497658483,1.82908556220142,1.35196765547346,2.04235399608853,15,0.724242424242424,"6","Q3","0"
"192",1.75597951184875,1.544913511025,0.96227778743902,0.0450153743315508,1.12105191651155,2.02094656657427,1.49591435937878,2.05737807540253,16,0.790909090909091,"6","Q3","0"
"193",1.90352860790031,1.82087838997883,0.994543403227146,25.3815582887701,1.72251455459001,1.90704910286274,1.79592351735829,2.00102593107383,1,-0.633333333333333,"7","Q1","1"
"194",2.007067014283,1.63798536151479,0.991472691437397,33.5300124064171,1.48234040469163,1.7906703644585,1.87725848855754,2.1307757839794,2,-0.566666666666667,"7","Q1","1"
"195",2.18042809002623,1.12499070740131,0.987940954894446,171.973960427807,0.523761148403131,1.33745974127185,2.06790345747772,2.43877738945616,3,-0.5,"7","Q1","1"
"196",2.0274808249924,1.3176026632838,0.985855810508997,138.535413903743,1.11297762594029,1.50169188398065,1.939875284529,2.1193434644786,4,-0.433333333333333,"7","Q1","1"
"197",2.1926599411947,0.752934421659751,0.983555862464659,419.620963208556,0.406171985881143,1.18688136643789,1.98357740553551,2.32222922194692,5,-0.366666666666667,"7","Q1","1"
"198",2.14230284017613,0.896932496943164,0.978061487267405,248.298377967914,0.466251819199206,1.26098159927456,1.97154920581454,2.32805898236175,6,-0.3,"7","Q1","1"
"199",2.25109027526529,0.492485303850144,0.972112545375903,471.258786737968,-0.299985056593842,1.11953728087687,1.98352181078271,2.55620997062399,7,-0.233333333333333,"7","Q1","1"
"200",2.52049408159983,0.0645827809215058,0.94249625162417,184.956805989305,-1.08342051493694,0.947833334839386,2.10308738655627,3.02125492783311,8,-0.166666666666667,"7","Q1","1"
"201",2.53980930951952,-0.101024688019941,0.936727761688554,354.311484919786,-1.88992403848385,0.91069012828336,2.14626864083555,3.30508142253245,9,-0.1,"7","Q1","0"
"202",2.40908808311267,0.401690120602035,0.949586086432876,193.868588877005,-0.829327299333016,1.14415897620733,2.05702063853381,3.05689521561141,10,-0.0333333333333333,"7","Q1","0"
"203",2.71541415952279,-0.382976774756809,0.929614589851209,295.349696898396,-1.71956299553559,0.69164889427382,2.26448867722665,3.27735610370514,11,0.0333333333333333,"7","Q1","0"
"204",2.56766788144332,0.366966991237473,0.938855714219927,91.8886365775401,-0.207047088231414,1.14812708526681,2.19897600327472,2.848270053697,12,0.1,"7","Q1","0"
"205",2.36632091081682,0.827326670576761,0.957460502355743,112.936188235294,0.299168413015771,1.44046822501446,2.02276437754104,2.64396535290087,13,0.166666666666667,"7","Q1","0"
"206",2.30953231468696,1.34560064641235,0.982366088852532,37.7020258823529,1.08088203102101,1.55782818039081,2.12330253527034,2.48977251573391,14,0.233333333333333,"7","Q1","0"
"207",2.29736232869337,1.4304226721702,0.984922960855611,32.5354868449198,1.23332257629553,1.59171990653315,2.15238134869865,2.44069303338539,15,0.3,"7","Q1","0"
"208",2.05479962482881,2.02650050275901,0.987853080507277,4.66778524064171,1.9165731836976,2.13429342988837,1.895706609189,2.21104979989975,16,0.366666666666667,"7","Q1","0"
"209",1.91552900946979,2.06462995532376,0.995621432924682,19.4469614527629,1.97883381297444,2.13468515759203,1.85197758169553,2.00361508872776,1,-0.544444444444444,"7","Q3","0"
"210",1.94167055770913,2.02596356217507,0.995486113974856,21.9262914438503,1.95216550803659,2.09116506623029,1.84376068615174,2.04121827308462,2,-0.477777777777778,"7","Q3","0"
"211",1.96147877900146,1.97761956853225,0.993937954870226,108.811066737968,1.85905497384793,2.08260174210745,1.86623908248733,2.09688467108369,3,-0.411111111111111,"7","Q3","0"
"212",1.92223798660512,2.02275481151585,0.991541735129122,98.380583315508,1.8697781445883,2.12549127460247,1.79594984723473,2.07024727756988,4,-0.344444444444444,"7","Q3","0"
"213",2.04593197852577,1.68147600978048,0.983714805392433,165.619931122995,1.33134947614549,2.04505335507128,1.8577387826857,2.22860395207262,5,-0.277777777777778,"7","Q3","0"
"214",2.00136801404301,1.69806659769789,0.986886515532467,303.822444064171,1.42058085381286,1.88615562462782,1.90291772547033,2.12063261832337,6,-0.211111111111111,"7","Q3","0"
"215",2.01597464931662,1.5046090112182,0.987394354045498,1362.0226744385,1.11622263246373,1.8574873181815,1.89075175203543,2.16018153834491,7,-0.144444444444444,"7","Q3","0"
"216",2.02574563962955,1.48325655643447,0.968591836935471,886.754009197861,0.73270633175186,2.18925908152554,1.73139870641553,2.3367656055775,8,-0.0777777777777778,"7","Q3","0"
"217",1.92227153187055,1.62764247084908,0.968064131122916,1408.42924513369,0.628182102108579,2.57518064132467,1.63381815283335,2.24019894020973,9,-0.0111111111111111,"7","Q3","1"
"218",2.24945818674148,0.752036298749687,0.961107263995072,472.523160641711,-0.17594800609973,1.26565702776689,2.03029478356312,2.58958858749,10,0.0555555555555556,"7","Q3","1"
"219",2.31770298453411,0.563992616037478,0.925844548087599,504.575659037433,-1.15955873833676,1.47572611477815,1.96368584047901,2.93181255576166,11,0.122222222222222,"7","Q3","1"
"220",2.32529046228768,0.802428411875034,0.938576936734966,125.606700748663,0.048027046104145,1.30408110592533,2.07677426206456,2.69624187069163,12,0.188888888888889,"7","Q3","1"
"221",2.26431941829737,1.02838479033993,0.941927934105257,102.927049625668,0.449904689140113,1.58231377318431,1.95036348854107,2.52429842980074,13,0.255555555555556,"7","Q3","1"
"222",2.11487750487255,1.67082570587827,0.97001993537679,17.5751093048128,1.42314138764889,1.94378825104807,1.86185100181784,2.29772267570082,14,0.322222222222222,"7","Q3","1"
"223",1.99673588323829,1.85184530341119,0.991065528565244,6.56900128342246,1.74039937732448,1.9447460841042,1.90996774904193,2.15468942037644,15,0.388888888888889,"7","Q3","1"
"224",1.91336408620832,1.99926039547078,0.994708850591543,0.473216718266254,1.88878326979698,2.10462699370643,1.82734113181106,2.01597330782128,16,0.455555555555556,"7","Q3","1"
"225",1.9859827955463,1.9495403796112,0.994237286428004,2.14296031522657,1.84721455155805,2.05936896591937,1.91340976509358,2.0898685845172,1,-0.766666666666667,"8","Q1","0"
"226",1.90469172134366,1.5927776514581,0.993202444751822,28.8814701604278,1.46226418850918,1.68191331753672,1.80285419981584,1.98062844408975,2,-0.7,"8","Q1","0"
"227",1.85550623595596,1.56125293663979,0.972763872974284,201.994339037433,1.14917277310714,2.05913079405695,1.60715993881188,2.0156978529007,3,-0.633333333333333,"8","Q1","0"
"228",1.78780014389153,1.73105080547746,0.9461325513781,590.659770909091,0.842000827757897,2.40870976802786,1.54687470850492,2.1584092344915,4,-0.566666666666667,"8","Q1","0"
"229",1.95904239614885,1.1523820971551,0.961962079092839,572.378919144385,0.800234408054342,1.77455055116052,1.74556741034541,2.0980783486808,5,-0.5,"8","Q1","0"
"230",2.04420187308131,0.9152010723989,0.954850892799749,256.955477005348,0.341078993041306,1.30832793072936,1.89323668914717,2.28029617472627,6,-0.433333333333333,"8","Q1","0"
"231",2.37624052479281,0.3041028160345,0.946135808037665,110.56777540107,-0.760867724375613,0.936284032376695,2.0372034497228,2.98945499232195,7,-0.366666666666667,"8","Q1","0"
"232",2.10426289966039,0.966816665084429,0.974030700294054,182.296654545455,-0.00925819451210716,1.36083863697028,1.88067131802911,2.5547955123847,8,-0.3,"8","Q1","0"
"233",2.07487605028268,1.02436644788735,0.982936085408588,229.026443208556,0.408900218100564,1.31230133060175,1.91302629607898,2.33730880731356,9,-0.233333333333333,"8","Q1","1"
"234",2.11563851435913,1.01608880181536,0.969675272556555,191.114380106952,0.43392404730161,1.43483021537494,1.89758033479905,2.38371985422631,10,-0.166666666666667,"8","Q1","1"
"235",2.16231612702655,0.971606415507896,0.956408047795167,108.186920427807,0.393112775051624,1.41451615768626,1.91804053009816,2.41782581370388,11,-0.1,"8","Q1","1"
"236",2.25248103350907,0.92667115423371,0.949475961928027,52.8723822459893,0.483619342289077,1.48293806030131,1.91484426068288,2.49300029703232,12,-0.0333333333333333,"8","Q1","1"
"237",2.32426971085778,0.99273269277744,0.954482855014515,19.696953368984,0.720367559699,1.40360743475795,2.00538020467086,2.54007932501437,13,0.0333333333333333,"8","Q1","1"
"238",2.19370311608134,1.34213202105659,0.969553324198386,6.30118844919786,1.19339231992365,1.45252722752579,1.94443577091937,2.43777396053242,14,0.1,"8","Q1","1"
"239",2.0132958520082,1.71986572493677,0.982412194482467,1.47929048128342,1.62128098703694,1.80381043217647,1.84817115523067,2.2024102895529,15,0.166666666666667,"8","Q1","1"
"240",1.93105310198864,1.9467437530922,0.988888836669185,0.307149732620321,1.82262099255297,2.05603469102674,1.85258399177585,2.03175333172499,16,0.233333333333333,"8","Q1","1"
"241",1.98014005443451,1.8249925871854,0.982601067824794,35.690377540107,1.65288730775641,2.14394688826897,1.76313879941714,2.09602618815856,1,-0.836231884057971,"8","Q3","1"
"242",2.02423039907573,1.55731065720245,0.970198309142617,215.303361925134,1.20083526508046,2.07462617076429,1.71884150038665,2.16678570740458,2,-0.769565217391304,"8","Q3","1"
"243",2.03461939882371,1.37226677071517,0.982904764543277,715.119467165775,1.04850169119528,1.77013381217237,1.89876605537055,2.18785268610461,3,-0.702898550724638,"8","Q3","1"
"244",1.76598971332796,2.02172356595906,0.976745659839465,868.319173262032,1.61338405321778,2.38209755776192,1.63693452456149,1.92255017035022,4,-0.636231884057971,"8","Q3","1"
"245",1.72109418359499,2.09221530971513,0.950566390474121,497.164724064171,1.63107191682544,2.615766001966,1.47669571242426,1.89182779087017,5,-0.569565217391304,"8","Q3","1"
"246",1.8708726098953,1.75538740196802,0.978588315846444,155.392776256684,1.46937918872458,1.97106814055643,1.72970293306821,2.00776214844716,6,-0.502898550724638,"8","Q3","1"
"247",1.92158672519006,1.60120206811513,0.97367380953101,55.260960855615,1.26152682094096,1.91194259961988,1.72527274453865,2.14723594561623,7,-0.436231884057971,"8","Q3","1"
"248",1.84569230593567,1.45338631853398,0.98934677105716,174.164399358289,1.24765779868736,1.73077527779741,1.72369183543575,1.97302828432623,8,-0.369565217391304,"8","Q3","1"
"249",1.84757354272629,1.34946462679454,0.991681560122959,357.651927058824,1.13437886815307,1.58226930525371,1.76119403377246,1.94496547626804,9,-0.302898550724638,"8","Q3","0"
"250",2.00555194903424,0.951879392535237,0.976722058811868,360.32410459893,0.700070033915738,1.26060600466605,1.88349777269442,2.12493134082538,10,-0.236231884057971,"8","Q3","0"
"251",2.15337697833334,0.654823443288993,0.975233710978929,226.172153582888,0.2289185708216,0.961338327273384,2.00665346751026,2.34114275667461,11,-0.169565217391304,"8","Q3","0"
"252",2.01513855607298,1.07942175341638,0.937523814797625,118.014007914439,0.654957656612577,1.64172588461089,1.77831929084986,2.21392934840752,12,-0.102898550724638,"8","Q3","0"
"253",2.06581716574125,1.12363140761652,0.896551033630412,50.5650181818182,0.6627824980467,1.73673274829932,1.68516696339216,2.34930222193063,13,-0.036231884057971,"8","Q3","0"
"254",2.12588332589497,1.24115076829426,0.893847659513871,25.9622201069519,0.743266752409936,1.73369113822841,1.7666285942654,2.52527120114694,14,0.0304347826086957,"8","Q3","0"
"255",2.15715367312039,1.7254266576293,0.95866030267214,1.29412427807487,1.60720869399826,1.84082979452396,1.87345957254244,2.4443594848394,15,0.0971014492753623,"8","Q3","0"
"256",1.88683594897059,1.91462791131776,0.98117980660718,0.289887254901961,1.73463723373765,2.05815219702645,1.72845950760207,2.04553486069715,16,0.163768115942029,"8","Q3","0"
